trial,ontology,learning_rate,weight_decay,dropout,hidden_dim,batch_size,loss,patience,focal_gamma,validation_micro_fmax,validation_macro_fmax,validation_micro_aupr,validation_macro_aupr,validation_micro_auroc,validation_macro_auroc,validation_smin
trial_000,biological_process,0.0024041997179610245,2.722568603233787e-06,0.0,256,16,BCE,8,,0.20172612655565786,,,,,,
trial_000,cellular_component,0.0024041997179610245,2.722568603233787e-06,0.0,256,16,BCE,8,,0.44916854931250005,,,,,,
trial_000,molecular_function,0.0024041997179610245,2.722568603233787e-06,0.0,256,16,BCE,8,,0.26036604280789816,,,,,,
trial_001,biological_process,0.0010296572653618581,5.735912773350473e-07,0.0,512,32,BCE,10,,0.28084236995082545,,,,,,
trial_001,cellular_component,0.0010296572653618581,5.735912773350473e-07,0.0,512,32,BCE,10,,0.43949479433300426,,,,,,
trial_001,molecular_function,0.0010296572653618581,5.735912773350473e-07,0.0,512,32,BCE,10,,0.35756995933937447,,,,,,
trial_002,biological_process,1.1378904677969076e-05,7.378908099113235e-05,0.0,128,32,BCE,9,,0.1516092389241814,,,,,,
trial_002,cellular_component,1.1378904677969076e-05,7.378908099113235e-05,0.0,128,32,BCE,9,,0.41439252336398835,,,,,,
trial_002,molecular_function,1.1378904677969076e-05,7.378908099113235e-05,0.0,128,32,BCE,9,,0.2385521151325136,,,,,,
trial_003,biological_process,0.002823147511627795,0.00029423606866430316,0.4,512,64,BCE,10,,0.23253088529665228,,,,,,
trial_003,cellular_component,0.002823147511627795,0.00029423606866430316,0.4,512,64,BCE,10,,0.46330179635677193,,,,,,
trial_003,molecular_function,0.002823147511627795,0.00029423606866430316,0.4,512,64,BCE,10,,0.2607809847193645,,,,,,
trial_004,biological_process,7.674123976937732e-05,0.005313431835380474,0.0,256,32,Focal,9,2.0,0.30772103445021226,,,,,,
trial_004,cellular_component,7.674123976937732e-05,0.005313431835380474,0.0,256,32,Focal,9,2.0,0.4900227790427811,,,,,,
trial_004,molecular_function,7.674123976937732e-05,0.005313431835380474,0.0,256,32,Focal,9,2.0,0.43203163618339263,,,,,,
trial_005,biological_process,0.0001529140641918095,0.0014692529747935225,0.4,128,16,BCE,9,,0.23977681521132807,,,,,,
trial_005,cellular_component,0.0001529140641918095,0.0014692529747935225,0.4,128,16,BCE,9,,0.4824740513862623,,,,,,
trial_005,molecular_function,0.0001529140641918095,0.0014692529747935225,0.4,128,16,BCE,9,,0.3794124345246657,,,,,,
trial_006,biological_process,2.5508785977760178e-05,0.003288256072873935,0.0,128,64,BCE,8,,0.12396408839738106,,,,,,
trial_006,cellular_component,2.5508785977760178e-05,0.003288256072873935,0.0,128,64,BCE,8,,0.42539338035761237,,,,,,
trial_006,molecular_function,2.5508785977760178e-05,0.003288256072873935,0.0,128,64,BCE,8,,0.2700241855166855,,,,,,
trial_007,biological_process,5.5116825889001555e-05,0.0006581590522567125,0.2,128,32,Focal,9,1.0,0.30069269521365105,,,,,,
trial_007,cellular_component,5.5116825889001555e-05,0.0006581590522567125,0.2,128,32,Focal,9,1.0,0.4837676308864277,,,,,,
trial_007,molecular_function,5.5116825889001555e-05,0.0006581590522567125,0.2,128,32,Focal,9,1.0,0.34217608612023603,,,,,,
trial_008,biological_process,0.00021912071790854395,0.004353115992599645,0.2,128,32,Focal,8,2.0,0.2882691724760399,,,,,,
trial_008,cellular_component,0.00021912071790854395,0.004353115992599645,0.2,128,32,Focal,8,2.0,0.49009970509710116,,,,,,
trial_008,molecular_function,0.00021912071790854395,0.004353115992599645,0.2,128,32,Focal,8,2.0,0.3781082398824895,,,,,,
trial_009,biological_process,0.0017270869909095407,4.137739106923979e-05,0.1,128,32,Focal,9,1.0,0.25048058439029214,,,,,,
trial_009,cellular_component,0.0017270869909095407,4.137739106923979e-05,0.1,128,32,Focal,9,1.0,0.4602006113043346,,,,,,
trial_009,molecular_function,0.0017270869909095407,4.137739106923979e-05,0.1,128,32,Focal,9,1.0,0.29723272944405976,,,,,,
trial_010,biological_process,7.281839130793804e-05,0.003763327697269404,0.1,256,32,Focal,10,2.0,0.3223502678132248,,,,,,
trial_010,cellular_component,7.281839130793804e-05,0.003763327697269404,0.1,256,32,Focal,10,2.0,0.499062918339527,,,,,,
trial_010,molecular_function,7.281839130793804e-05,0.003763327697269404,0.1,256,32,Focal,10,2.0,0.41837005574679986,,,,,,
trial_011,biological_process,0.0003377348785134729,8.266805481657407e-06,0.4,512,16,BCE,8,,0.3047162270179369,,,,,,
trial_011,cellular_component,0.0003377348785134729,8.266805481657407e-06,0.4,512,16,BCE,8,,0.44417353287321854,,,,,,
trial_011,molecular_function,0.0003377348785134729,8.266805481657407e-06,0.4,512,16,BCE,8,,0.4043989002744402,,,,,,
trial_012,biological_process,2.0587903331906216e-05,0.00019302681376769982,0.4,128,64,Focal,8,1.0,0.11298493996758628,,,,,,
trial_012,cellular_component,2.0587903331906216e-05,0.00019302681376769982,0.4,128,64,Focal,8,1.0,0.4546959400587438,,,,,,
trial_012,molecular_function,2.0587903331906216e-05,0.00019302681376769982,0.4,128,64,Focal,8,1.0,0.03714312113043797,,,,,,
trial_013,biological_process,2.0306852485333567e-05,2.8063391884062294e-06,0.0,512,16,BCE,9,,0.34882058613250094,,,,,,
trial_013,cellular_component,2.0306852485333567e-05,2.8063391884062294e-06,0.0,512,16,BCE,9,,0.4886050358385015,,,,,,
trial_013,molecular_function,2.0306852485333567e-05,2.8063391884062294e-06,0.0,512,16,BCE,9,,0.38517520215585904,,,,,,
trial_014,biological_process,5.462490060476474e-05,1.0333998491320167e-07,0.2,512,32,Focal,10,1.0,0.3374079171047137,,,,,,
trial_014,cellular_component,5.462490060476474e-05,1.0333998491320167e-07,0.2,512,32,Focal,10,1.0,0.4704718958896988,,,,,,
trial_014,molecular_function,5.462490060476474e-05,1.0333998491320167e-07,0.2,512,32,Focal,10,1.0,0.40614990390726463,,,,,,
trial_015,biological_process,0.00045131410564700424,0.00043748328296366727,0.2,512,32,BCE,9,,0.30559322033856323,,,,,,
trial_015,cellular_component,0.00045131410564700424,0.00043748328296366727,0.2,512,32,BCE,9,,0.473257698540829,,,,,,
trial_015,molecular_function,0.00045131410564700424,0.00043748328296366727,0.2,512,32,BCE,9,,0.3804639804634863,,,,,,
trial_016,biological_process,0.0020990502637142747,0.0009508030792802778,0.0,512,16,Focal,10,1.0,0.19091729323258272,,,,,,
trial_016,cellular_component,0.0020990502637142747,0.0009508030792802778,0.0,512,16,Focal,10,1.0,0.46301737889296063,,,,,,
trial_016,molecular_function,0.0020990502637142747,0.0009508030792802778,0.0,512,16,Focal,10,1.0,0.3160586094989649,,,,,,
trial_017,biological_process,0.0026040317360329322,0.00021063082945376086,0.1,512,16,Focal,9,3.0,0.13956470630101303,,,,,,
trial_017,cellular_component,0.0026040317360329322,0.00021063082945376086,0.1,512,16,Focal,9,3.0,0.43708089599038574,,,,,,
trial_017,molecular_function,0.0026040317360329322,0.00021063082945376086,0.1,512,16,Focal,9,3.0,0.23929618768278654,,,,,,
trial_018,biological_process,4.5335193486380115e-05,4.60584445727266e-05,0.4,256,64,BCE,10,,0.29167041063848903,,,,,,
trial_018,cellular_component,4.5335193486380115e-05,4.60584445727266e-05,0.4,256,64,BCE,10,,0.4562551103838017,,,,,,
trial_018,molecular_function,4.5335193486380115e-05,4.60584445727266e-05,0.4,256,64,BCE,10,,0.38604898828493156,,,,,,
trial_019,biological_process,0.0004093933713250302,0.004459883829081874,0.0,256,32,BCE,8,,0.3431059958001473,,,,,,
trial_019,cellular_component,0.0004093933713250302,0.004459883829081874,0.0,256,32,BCE,8,,0.46025022165254714,,,,,,
trial_019,molecular_function,0.0004093933713250302,0.004459883829081874,0.0,256,32,BCE,8,,0.3947307064578836,,,,,,
trial_020,biological_process,1.2237669553639244e-05,6.0261989029387036e-06,0.1,256,32,BCE,8,,0.23838926174458105,,,,,,
trial_020,cellular_component,1.2237669553639244e-05,6.0261989029387036e-06,0.1,256,32,BCE,8,,0.41417878344611464,,,,,,
trial_020,molecular_function,1.2237669553639244e-05,6.0261989029387036e-06,0.1,256,32,BCE,8,,0.3775571240574053,,,,,,
trial_021,biological_process,1.961154488169495e-05,0.00046102390178830383,0.0,512,64,BCE,9,,0.28948044166696585,,,,,,
trial_021,cellular_component,1.961154488169495e-05,0.00046102390178830383,0.0,512,64,BCE,9,,0.45413173652645067,,,,,,
trial_021,molecular_function,1.961154488169495e-05,0.00046102390178830383,0.0,512,64,BCE,9,,0.382677379817041,,,,,,
trial_022,biological_process,1.0397814970120562e-05,0.0009814110547408097,0.4,512,16,Focal,9,3.0,0.27352117317471775,,,,,,
trial_022,cellular_component,1.0397814970120562e-05,0.0009814110547408097,0.4,512,16,Focal,9,3.0,0.4677515144311472,,,,,,
trial_022,molecular_function,1.0397814970120562e-05,0.0009814110547408097,0.4,512,16,Focal,9,3.0,0.4071314529000004,,,,,,
trial_023,biological_process,2.7983416755271612e-05,1.0483363548287232e-07,0.1,512,32,Focal,9,2.0,0.32836966533573503,,,,,,
trial_023,cellular_component,2.7983416755271612e-05,1.0483363548287232e-07,0.1,512,32,Focal,9,2.0,0.45929494197453835,,,,,,
trial_023,molecular_function,2.7983416755271612e-05,1.0483363548287232e-07,0.1,512,32,Focal,9,2.0,0.3861686017158154,,,,,,
trial_024,biological_process,0.00018917076075962986,4.10592490974411e-05,0.2,256,16,BCE,9,,0.31998073372356395,,,,,,
trial_024,cellular_component,0.00018917076075962986,4.10592490974411e-05,0.2,256,16,BCE,9,,0.469960696237571,,,,,,
trial_024,molecular_function,0.00018917076075962986,4.10592490974411e-05,0.2,256,16,BCE,9,,0.41997378143199054,,,,,,
trial_025,biological_process,2.0304839058310506e-05,0.0027176831523297723,0.4,128,32,BCE,8,,0.17745001140377525,,,,,,
trial_025,cellular_component,2.0304839058310506e-05,0.0027176831523297723,0.4,128,32,BCE,8,,0.46516422246119965,,,,,,
trial_025,molecular_function,2.0304839058310506e-05,0.0027176831523297723,0.4,128,32,BCE,8,,0.2776957163953646,,,,,,
trial_026,biological_process,0.00037450262123488637,0.003738314184453378,0.2,512,64,BCE,9,,0.31989269846549767,,,,,,
trial_026,cellular_component,0.00037450262123488637,0.003738314184453378,0.2,512,64,BCE,9,,0.4804618117224213,,,,,,
trial_026,molecular_function,0.00037450262123488637,0.003738314184453378,0.2,512,64,BCE,9,,0.39266941326847193,,,,,,
trial_027,biological_process,3.072078384147174e-05,1.5170354684755e-06,0.0,256,64,Focal,9,1.0,0.26767941330499356,,,,,,
trial_027,cellular_component,3.072078384147174e-05,1.5170354684755e-06,0.0,256,64,Focal,9,1.0,0.4723300970868848,,,,,,
trial_027,molecular_function,3.072078384147174e-05,1.5170354684755e-06,0.0,256,64,Focal,9,1.0,0.40039925851943475,,,,,,
trial_028,biological_process,5.7099198475444227e-05,9.216769587809256e-06,0.4,512,16,Focal,10,2.0,0.30642737158478883,,,,,,
trial_028,cellular_component,5.7099198475444227e-05,9.216769587809256e-06,0.4,512,16,Focal,10,2.0,0.48181777915527807,,,,,,
trial_028,molecular_function,5.7099198475444227e-05,9.216769587809256e-06,0.4,512,16,Focal,10,2.0,0.42148350285239794,,,,,,
trial_029,biological_process,0.00010742762251701915,3.644636808320287e-05,0.0,128,32,BCE,9,,0.27707029812245315,,,,,,
trial_029,cellular_component,0.00010742762251701915,3.644636808320287e-05,0.0,128,32,BCE,9,,0.48189070009364754,,,,,,
trial_029,molecular_function,0.00010742762251701915,3.644636808320287e-05,0.0,128,32,BCE,9,,0.341713834407838,,,,,,
trial_030,biological_process,0.0006476003050484653,1.1781606908753708e-06,0.0,128,16,Focal,10,1.0,0.26693315567352005,,,,,,
trial_030,cellular_component,0.0006476003050484653,1.1781606908753708e-06,0.0,128,16,Focal,10,1.0,0.4666724829867623,,,,,,
trial_030,molecular_function,0.0006476003050484653,1.1781606908753708e-06,0.0,128,16,Focal,10,1.0,0.3707548234227205,,,,,,
trial_031,biological_process,6.754786500068957e-05,0.0049148744685445535,0.2,256,64,Focal,8,2.0,0.31824107065224133,,,,,,
trial_031,cellular_component,6.754786500068957e-05,0.0049148744685445535,0.2,256,64,Focal,8,2.0,0.4733097566044523,,,,,,
trial_031,molecular_function,6.754786500068957e-05,0.0049148744685445535,0.2,256,64,Focal,8,2.0,0.3898995384192933,,,,,,
trial_032,biological_process,0.0024927698253494465,1.9372480269816345e-05,0.1,128,16,Focal,8,2.0,0.17596668086468537,,,,,,
trial_032,cellular_component,0.0024927698253494465,1.9372480269816345e-05,0.1,128,16,Focal,8,2.0,0.4658847827685614,,,,,,
trial_032,molecular_function,0.0024927698253494465,1.9372480269816345e-05,0.1,128,16,Focal,8,2.0,0.2434574272018725,,,,,,
trial_033,biological_process,0.0027705153087256443,4.5960195338023743e-07,0.2,128,64,Focal,9,3.0,0.22835876442081415,,,,,,
trial_033,cellular_component,0.0027705153087256443,4.5960195338023743e-07,0.2,128,64,Focal,9,3.0,0.47571894211279947,,,,,,
trial_033,molecular_function,0.0027705153087256443,4.5960195338023743e-07,0.2,128,64,Focal,9,3.0,0.28436820487991055,,,,,,
trial_034,biological_process,0.0004128269539431168,0.000597538950912109,0.0,512,32,BCE,8,,0.28824049513665323,,,,,,
trial_034,cellular_component,0.0004128269539431168,0.000597538950912109,0.0,512,32,BCE,8,,0.4646732909010992,,,,,,
trial_034,molecular_function,0.0004128269539431168,0.000597538950912109,0.0,512,32,BCE,8,,0.3988276956888452,,,,,,
trial_035,biological_process,0.0003493547910080384,0.0006220349210377709,0.0,256,32,BCE,9,,0.32592339261244435,,,,,,
trial_035,cellular_component,0.0003493547910080384,0.0006220349210377709,0.0,256,32,BCE,9,,0.4735672622900304,,,,,,
trial_035,molecular_function,0.0003493547910080384,0.0006220349210377709,0.0,256,32,BCE,9,,0.41937057818930806,,,,,,
trial_036,biological_process,0.0017191305740823345,3.436940900365306e-05,0.4,128,64,Focal,10,2.0,0.22456593485387227,,,,,,
trial_036,cellular_component,0.0017191305740823345,3.436940900365306e-05,0.4,128,64,Focal,10,2.0,0.46162608571787117,,,,,,
trial_036,molecular_function,0.0017191305740823345,3.436940900365306e-05,0.4,128,64,Focal,10,2.0,0.2947939059720324,,,,,,
trial_037,biological_process,0.0022125796473720662,7.05402203329558e-07,0.1,128,32,Focal,10,1.0,0.21748523692879937,,,,,,
trial_037,cellular_component,0.0022125796473720662,7.05402203329558e-07,0.1,128,32,Focal,10,1.0,0.458494990406663,,,,,,
trial_037,molecular_function,0.0022125796473720662,7.05402203329558e-07,0.1,128,32,Focal,10,1.0,0.2509825427286984,,,,,,
trial_038,biological_process,9.797689898677196e-05,3.416407231298862e-05,0.4,512,64,Focal,9,1.0,0.3312208138754888,,,,,,
trial_038,cellular_component,9.797689898677196e-05,3.416407231298862e-05,0.4,512,64,Focal,9,1.0,0.47107475165140855,,,,,,
trial_038,molecular_function,9.797689898677196e-05,3.416407231298862e-05,0.4,512,64,Focal,9,1.0,0.382567164178608,,,,,,
trial_039,biological_process,1.1367800287905772e-05,0.00011016580941565195,0.2,128,32,Focal,9,2.0,0.23978956112369698,,,,,,
trial_039,cellular_component,1.1367800287905772e-05,0.00011016580941565195,0.2,128,32,Focal,9,2.0,0.4706219547143224,,,,,,
trial_039,molecular_function,1.1367800287905772e-05,0.00011016580941565195,0.2,128,32,Focal,9,2.0,0.03744812276758032,,,,,,
