method,ontology,ontology_short,score_type,test_proteins,test_terms,mapped_proteins,mapped_terms,cafa_fmax,cafa_fmax_threshold,cafa_smin,cafa_smin_threshold,coverage_at_fmax,validation_threshold,validation_cafa_fmax,test_precision_at_validation_threshold,test_recall_at_validation_threshold,test_f1_at_validation_threshold,test_coverage_at_validation_threshold,mean_terms_per_protein_at_validation_threshold,micro_aupr,macro_aupr,micro_auroc,macro_auroc,protein_coverage_any_score,predicted_term_coverage,brier_score,expected_calibration_error,cafa_fmax_ci_low,cafa_fmax_ci_high,cafa_smin_ci_low,cafa_smin_ci_high
blast,molecular_function,mf,continuous,754,1052,754,1052,0.2777478327035085,0.25,5.2426213643326305,0.25,0.22811671087533156,0.9100000262260437,0.07187375350771258,0.6650642301771064,0.21308459005284905,0.3227583652825322,0.20689655172413793,3.160477453580902,0.23999995677443378,0.19811393288327037,0.6748029997270546,0.5950513129906134,0.22811671087533156,103,0.004942470696078044,0.004979420758891573,0.24422370654698206,0.31306651297548876,4.738711925181964,5.770513365317446
blast_max,molecular_function,mf,continuous,754,1052,754,1052,0.2829759496036343,0.20999999344348907,5.258617343972302,0.27000001072883606,0.22811671087533156,0.2199999988079071,0.07975734267684556,0.589359684542573,0.23403884484871723,0.3350335344240104,0.21087533156498675,3.777188328912467,0.22602452745033969,0.21877569877027947,0.6830531145714374,0.6046955125487908,0.22811671087533156,131,0.005138767677119353,0.005169516744739864,0.2501000067861508,0.3158986389119398,4.748375721981695,5.761500561754986
deepgreengo,molecular_function,mf,continuous,754,1052,754,1052,0.3839004204387937,0.5099999904632568,5.020317207355481,0.8199999928474426,0.9389920424403183,0.4300000071525574,0.3729875324474429,0.38945292609278476,0.505995211431252,0.44014009839972135,0.9721485411140584,7.5570291777188325,0.3767968667921483,0.2956252478725878,0.8589984791158691,0.71208568055098,1.0,1052,0.005531459893614513,0.005446399266930538,0.35898091039437546,0.40850233529051444,4.587670332760567,5.489651734645654
diamond,molecular_function,mf,continuous,754,1052,754,1052,0.21922974066611825,0.0,5.407034311898497,0.0,0.16445623342175067,0.5400000214576721,0.06560244295593885,0.6124233556298775,0.18816384757185078,0.28787853334983926,0.16445623342175067,3.0583554376657824,0.2192133882946668,0.14519568655620296,0.6608442303197131,0.5683582564682588,0.16445623342175067,72,0.0050604443326417985,0.005070796991346574,0.18581311160512382,0.25353756610330075,4.88867333650661,5.948087078949854
diamond_max,molecular_function,mf,continuous,754,1052,754,1052,0.21922974066611825,0.0,5.341931394405482,0.28999999165534973,0.16445623342175067,0.3100000023841858,0.07408298774226688,0.6740364707756014,0.1828962180051558,0.28772089784041505,0.13925729442970822,2.944297082228117,0.21022887684055241,0.1463871865360563,0.6608343019416844,0.5678497913750341,0.16445623342175067,72,0.005202452566175461,0.005344066134859043,0.18581311160512382,0.25376794530177094,4.815195750093393,5.877148153437776
foldseek,molecular_function,mf,continuous,754,1052,754,1052,0.33585825911364825,0.15000000596046448,5.19486294696008,0.8199999928474426,0.40981432360742703,0.41999998688697815,0.21931388363468213,0.5436276722335904,0.3204309003529223,0.4032020744823562,0.40185676392572944,4.492042440318302,0.26502122522484817,0.2011803567394408,0.7099497344772623,0.5980001582719314,0.40981432360742703,191,0.005120103118684265,0.005127972227566299,0.3070280936805651,0.365861534808745,4.698578456003458,5.716819313950876
foldseek_max,molecular_function,mf,continuous,754,1052,754,1052,0.3398875578722525,0.10000000149011612,5.316732700129061,0.1899999976158142,0.40981432360742703,0.10000000149011612,0.21866069046311434,0.42875598845789964,0.3967786299551873,0.41214798238850126,0.40981432360742703,6.814323607427056,0.28685570435288077,0.25292408406513306,0.7374176629183528,0.6315931234853511,0.41114058355437666,281,0.005002478206727042,0.004792727768020507,0.3134821382404039,0.3696154431894832,4.786446216746412,5.7993410690723985
naive,molecular_function,mf,continuous,754,1052,754,1052,0.2969041973739444,0.18000000715255737,6.085082099701174,0.18000000715255737,1.0,0.18000000715255737,0.2549031878344317,0.3952254641909814,0.3350815684770142,0.36267696330229704,1.0,3.0,0.14750051522333868,0.02924464020636118,0.8223076157400919,0.5,1.0,947,0.005518765443611896,0.0010707133104123213,0.27569197571930343,0.318445077140529,5.602804432600764,6.603041391767384
blast,biological_process,bp,continuous,754,2193,754,2193,0.13524020165400397,0.05999999865889549,20.65846541746141,0.9300000071525574,0.1909814323607427,0.5299999713897705,0.06077644210574154,0.23586902861563694,0.1266327950990564,0.1647922985038861,0.17771883289124668,11.811671087533156,0.0520419574871166,0.12270980234700629,0.5840705590108758,0.5505765859206082,0.1909814323607427,435,0.011115639455680107,0.01108292726140529,0.11701183647798107,0.15536290428107088,19.35337676091678,22.08175130890038
blast_max,biological_process,bp,continuous,754,2193,754,2193,0.1337986702395907,0.20000000298023224,20.786088484563287,0.3499999940395355,0.1909814323607427,0.2199999988079071,0.06092980440258969,0.2238797924567909,0.13127495998162156,0.16550425184331705,0.1909814323607427,13.787798408488063,0.0588612919700105,0.13231141832843943,0.5846959137184792,0.5542586696072016,0.1909814323607427,472,0.009008791896475124,0.008841584315780263,0.11583695145866912,0.1532201790700687,19.378397786150153,22.196010223198325
deepgreengo,biological_process,bp,continuous,754,2193,754,2193,0.2170560807762046,0.49000000953674316,19.729722610327876,0.7400000095367432,0.7161803713527851,0.41999998688697815,0.1316565857968678,0.20307257951235372,0.27834984817959363,0.2348258760926339,0.8116710875331565,26.287798408488065,0.1669537019548634,0.16617937812347458,0.778378640997929,0.6269946804140806,1.0,2193,0.016814484512019147,0.06957722121192811,0.20091226745715524,0.23499278198425866,18.39880453644432,21.085958568652224
diamond,biological_process,bp,continuous,754,2193,754,2193,0.1296492129413443,0.0,20.742789594510473,0.0,0.16445623342175067,0.5299999713897705,0.060965676534047754,0.23940904881208552,0.12231105086168605,0.16190624945869517,0.16445623342175067,11.63660477453581,0.04788778353132635,0.0968864361331031,0.5773564808928758,0.5369915470588158,0.16445623342175067,317,0.011156791382273717,0.011156791382273715,0.11098092169987127,0.14912578020580033,19.43579692583361,22.193072790273643
diamond_max,biological_process,bp,continuous,754,2193,754,2193,0.1279558812366299,0.0,20.118255342383296,0.3700000047683716,0.16445623342175067,0.0,0.061114504785756515,0.22825328045504503,0.12231105086168605,0.159274039604789,0.16445623342175067,12.177718832891246,0.05800398090897631,0.10036078426615197,0.5773264977890247,0.536582171012675,0.16445623342175067,318,0.009048686181284083,0.008983400273805023,0.11065365622723265,0.14872762649709975,18.747911053950496,21.517490435026993
foldseek,biological_process,bp,continuous,754,2193,754,2193,0.16084973310258885,0.8700000047683716,21.58572990580512,0.8799999952316284,0.3156498673740053,0.4000000059604645,0.11843854932753678,0.1881392844308555,0.16719994146785983,0.17705265870990797,0.35278514588859416,18.611405835543767,0.05155864720146668,0.10859703221062861,0.5928102637581355,0.5459819315412153,0.35278514588859416,622,0.012627224115191956,0.01315861398154677,0.143560331861216,0.18103911470890885,20.1569727024038,23.1043232960397
foldseek_max,biological_process,bp,continuous,754,2193,754,2193,0.16458895714829777,0.10000000149011612,20.5087363903874,0.36000001430511475,0.38461538461538464,0.0,0.12130225830145881,0.16592858105519764,0.22304223882756952,0.19029233203245105,0.3859416445623342,33.57824933687002,0.0768758547831565,0.1465001005714489,0.622146316441463,0.5683989445310057,0.3859416445623342,811,0.008966628941187311,0.008714520321298415,0.1510329895645411,0.18244082981474155,19.114969093429647,21.91661580574988
naive,biological_process,bp,continuous,754,2193,754,2193,0.16702959317799349,0.09000000357627869,21.954794263722274,0.20000000298023224,1.0,0.11999999731779099,0.1238705756084305,0.16989389920424403,0.20253837125622814,0.18478545690282477,1.0,20.0,0.10526046185334115,0.02796987495263358,0.7522683693871254,0.5,1.0,2027,0.008068182002302434,0.0017441953254294855,0.15795475274506907,0.17696247208269922,20.487941513893247,23.473928442257307
blast,cellular_component,cc,continuous,754,318,754,318,0.1157647275857838,0.05999999865889549,8.12609759266841,0.05999999865889549,0.10742705570291777,0.5400000214576721,0.05161290322580645,0.44296837756237084,0.07368205408358372,0.12634778935105728,0.07692307692307693,1.3726790450928381,0.07388689344229113,0.17597010962474643,0.5406769827327695,0.5481091538658701,0.10742705570291777,57,0.033506987947163544,0.03351640432519685,0.09022415458392338,0.14151356535675128,7.581559928013154,8.674664923730239
blast_max,cellular_component,cc,continuous,754,318,754,318,0.19482320931256739,0.0,7.507535174725241,0.0,0.20954907161803712,0.4399999976158142,0.0516795865633075,0.5935483870967742,0.05736137667304015,0.10461281886062994,0.03978779840848806,1.1259946949602122,0.11576367561603682,0.1982749040380244,0.5781620014251702,0.561286921382771,0.20954907161803712,61,0.0319319826300852,0.031478946372584984,0.161950134804764,0.22436981498874128,6.985239266827143,8.049781189182442
deepgreengo,cellular_component,cc,continuous,754,318,754,318,0.34614369476653195,0.5600000023841858,9.250030399836717,0.7900000214576721,0.8143236074270557,0.49000000953674316,0.5063067117137994,0.3469830033293276,0.4744321090153973,0.40082018357836874,0.883289124668435,16.019893899204245,0.28712987802775136,0.21867211493122196,0.817267012378879,0.6776363100219407,1.0,318,0.04713077193389231,0.10495655967704513,0.3269832474940166,0.36630097183573995,8.570746174600608,9.890277416356502
diamond,cellular_component,cc,continuous,754,318,754,318,0.07523577652317133,0.0,8.221797152526111,0.0,0.0623342175066313,0.5400000214576721,0.0516795865633075,0.40279684282772815,0.059819721387599015,0.10416918362890258,0.0623342175066313,1.2387267904509285,0.06335285265673116,0.1718298955848032,0.5291837934035262,0.5441061509976004,0.0623342175066313,38,0.03364446223912717,0.033644462239127176,0.050800364133916934,0.09806862583014976,7.6901775433353565,8.774425751242594
diamond_max,cellular_component,cc,continuous,754,318,754,318,0.14424143831401062,0.0,7.813706418913447,0.0,0.15251989389920426,0.4399999976158142,0.0516795865633075,0.5935483870967742,0.05736137667304015,0.10461281886062994,0.03978779840848806,1.1259946949602122,0.09749526400471588,0.18100508568659543,0.5580498088684955,0.5497976870940217,0.15251989389920426,40,0.032422490393957795,0.03210595483504908,0.11565900563884218,0.171853574110473,7.304437453395826,8.35137425223431
foldseek,cellular_component,cc,continuous,754,318,754,318,0.1551598812107307,0.14000000059604645,8.102318134223468,0.5400000214576721,0.23872679045092837,0.14000000059604645,0.16806418856068875,0.4065214667298344,0.13822413493409735,0.20630209000030655,0.23872679045092837,3.0915119363395225,0.08026190616093726,0.17634354724973964,0.5485602359572542,0.5437388649181707,0.2413793103448276,97,0.0345279417539868,0.03491229583534078,0.12863687490429518,0.18125404840891285,7.56847504105629,8.641513753250806
foldseek_max,cellular_component,cc,continuous,754,318,754,318,0.24681533061003091,0.10000000149011612,7.752181159174551,0.1899999976158142,0.3726790450928382,0.0,0.17627430483635706,0.38995618798736026,0.2581193309814659,0.3106280901199168,0.376657824933687,6.189655172413793,0.1328813534432855,0.19207612226296392,0.5947384065328568,0.5579524396009237,0.376657824933687,127,0.03176470683920595,0.030316392310110248,0.21955978604542442,0.27382416903949913,7.253309338837352,8.27224046329345
naive,cellular_component,cc,continuous,754,318,754,318,0.36901844076504714,0.2800000011920929,8.809777358852662,0.2800000011920929,1.0,0.15000000596046448,0.5176273516869662,0.332501170229365,0.5836157345660442,0.4236422528428657,1.0,17.0,0.3281179961641227,0.08338987930006375,0.7740638069157605,0.5,1.0,278,0.026557949471731634,0.014150892102953795,0.3502283278597367,0.389102643771107,8.173468313568355,9.429956789150479
