protein_id	structure_id	go_id	score	called	ontology
G1JSI4	AF-G1JSI4-F1-model_v6	GO:0000014	0.00010218962	0	molecular_function
G1JSI4	AF-G1JSI4-F1-model_v6	GO:0000036	2.3632565e-05	0	molecular_function
G1JSI4	AF-G1JSI4-F1-model_v6	GO:0000166	0.00020321552	0	molecular_function
G1JSI4	AF-G1JSI4-F1-model_v6	GO:0000175	0.0001837889	0	molecular_function
G1JSI4	AF-G1JSI4-F1-model_v6	GO:0000210	0.00013903559	0	molecular_function
G1JSI4	AF-G1JSI4-F1-model_v6	GO:0000234	0.00026736245	0	molecular_function
G1JSI4	AF-G1JSI4-F1-model_v6	GO:0000257	5.835268e-06	0	molecular_function
G1JSI4	AF-G1JSI4-F1-model_v6	GO:0000287	0.00015597574	0	molecular_function
G1JSI4	AF-G1JSI4-F1-model_v6	GO:0000293	0.0015276991	0	molecular_function
G1JSI4	AF-G1JSI4-F1-model_v6	GO:0000295	0.00023189523	0	molecular_function
G1JSI4	AF-G1JSI4-F1-model_v6	GO:0000309	5.9084305e-05	0	molecular_function
G1JSI4	AF-G1JSI4-F1-model_v6	GO:0000822	0.020046299	0	molecular_function
G1JSI4	AF-G1JSI4-F1-model_v6	GO:0000823	4.6786368e-05	0	molecular_function
G1JSI4	AF-G1JSI4-F1-model_v6	GO:0000824	3.4620836e-05	0	molecular_function
G1JSI4	AF-G1JSI4-F1-model_v6	GO:0000825	2.5978923e-05	0	molecular_function
G1JSI4	AF-G1JSI4-F1-model_v6	GO:0000828	2.7150561e-05	0	molecular_function
G1JSI4	AF-G1JSI4-F1-model_v6	GO:0000832	3.5396348e-05	0	molecular_function
G1JSI4	AF-G1JSI4-F1-model_v6	GO:0000976	0.00026099998	0	molecular_function
G1JSI4	AF-G1JSI4-F1-model_v6	GO:0000981	1.8311241e-05	0	molecular_function
G1JSI4	AF-G1JSI4-F1-model_v6	GO:0001046	0.00014850032	0	molecular_function
G1JSI4	AF-G1JSI4-F1-model_v6	GO:0001067	0.00032446356	0	molecular_function
G1JSI4	AF-G1JSI4-F1-model_v6	GO:0001409	8.5830863e-05	0	molecular_function
G1JSI4	AF-G1JSI4-F1-model_v6	GO:0001786	0.00041567735	0	molecular_function
G1JSI4	AF-G1JSI4-F1-model_v6	GO:0003676	0.050674509	0	molecular_function
G1JSI4	AF-G1JSI4-F1-model_v6	GO:0003677	0.025181953	0	molecular_function
G1JSI4	AF-G1JSI4-F1-model_v6	GO:0003682	0.1140023	0	molecular_function
G1JSI4	AF-G1JSI4-F1-model_v6	GO:0003690	0.00032655578	0	molecular_function
G1JSI4	AF-G1JSI4-F1-model_v6	GO:0003700	0.00065476698	0	molecular_function
G1JSI4	AF-G1JSI4-F1-model_v6	GO:0003712	0.00027150378	0	molecular_function
G1JSI4	AF-G1JSI4-F1-model_v6	GO:0003723	0.037294898	0	molecular_function
G1JSI4	AF-G1JSI4-F1-model_v6	GO:0003725	0.0056907083	0	molecular_function
G1JSI4	AF-G1JSI4-F1-model_v6	GO:0003727	0.00037013509	0	molecular_function
G1JSI4	AF-G1JSI4-F1-model_v6	GO:0003729	0.013247852	0	molecular_function
G1JSI4	AF-G1JSI4-F1-model_v6	GO:0003735	5.6093089e-05	0	molecular_function
G1JSI4	AF-G1JSI4-F1-model_v6	GO:0003743	1.2637979e-05	0	molecular_function
G1JSI4	AF-G1JSI4-F1-model_v6	GO:0003755	9.23025e-05	0	molecular_function
G1JSI4	AF-G1JSI4-F1-model_v6	GO:0003774	1.692662e-05	0	molecular_function
G1JSI4	AF-G1JSI4-F1-model_v6	GO:0003777	1.277646e-05	0	molecular_function
G1JSI4	AF-G1JSI4-F1-model_v6	GO:0003779	9.2786446e-05	0	molecular_function
G1JSI4	AF-G1JSI4-F1-model_v6	GO:0003785	0.000196141	0	molecular_function
G1JSI4	AF-G1JSI4-F1-model_v6	GO:0003796	8.0331309e-05	0	molecular_function
G1JSI4	AF-G1JSI4-F1-model_v6	GO:0003824	0.0054612751	0	molecular_function
G1JSI4	AF-G1JSI4-F1-model_v6	GO:0003848	0.0016797923	0	molecular_function
G1JSI4	AF-G1JSI4-F1-model_v6	GO:0003857	0.00023447273	0	molecular_function
G1JSI4	AF-G1JSI4-F1-model_v6	GO:0003858	0.00021858032	0	molecular_function
G1JSI4	AF-G1JSI4-F1-model_v6	GO:0003862	0.0002549919	0	molecular_function
G1JSI4	AF-G1JSI4-F1-model_v6	GO:0003868	2.098607e-06	0	molecular_function
G1JSI4	AF-G1JSI4-F1-model_v6	GO:0003871	8.7505985e-05	0	molecular_function
G1JSI4	AF-G1JSI4-F1-model_v6	GO:0003904	1.3074662e-05	0	molecular_function
G1JSI4	AF-G1JSI4-F1-model_v6	GO:0003913	0.00053236727	0	molecular_function
G1JSI4	AF-G1JSI4-F1-model_v6	GO:0003914	0.0029926689	0	molecular_function
G1JSI4	AF-G1JSI4-F1-model_v6	GO:0003924	0.00021947931	0	molecular_function
G1JSI4	AF-G1JSI4-F1-model_v6	GO:0003954	1.8938639e-05	0	molecular_function
G1JSI4	AF-G1JSI4-F1-model_v6	GO:0003958	0.00023795664	0	molecular_function
G1JSI4	AF-G1JSI4-F1-model_v6	GO:0003959	5.3201558e-05	0	molecular_function
G1JSI4	AF-G1JSI4-F1-model_v6	GO:0003968	0.00013246178	0	molecular_function
G1JSI4	AF-G1JSI4-F1-model_v6	GO:0003973	0.00039663017	0	molecular_function
G1JSI4	AF-G1JSI4-F1-model_v6	GO:0003978	1.3308122e-05	0	molecular_function
G1JSI4	AF-G1JSI4-F1-model_v6	GO:0003988	6.1055143e-05	0	molecular_function
G1JSI4	AF-G1JSI4-F1-model_v6	GO:0003993	1.4116085e-05	0	molecular_function
G1JSI4	AF-G1JSI4-F1-model_v6	GO:0003997	3.0682913e-05	0	molecular_function
G1JSI4	AF-G1JSI4-F1-model_v6	GO:0004015	1.8527044e-05	0	molecular_function
G1JSI4	AF-G1JSI4-F1-model_v6	GO:0004017	1.3253333e-05	0	molecular_function
G1JSI4	AF-G1JSI4-F1-model_v6	GO:0004021	0.0010179447	0	molecular_function
G1JSI4	AF-G1JSI4-F1-model_v6	GO:0004022	0.00043364923	0	molecular_function
G1JSI4	AF-G1JSI4-F1-model_v6	GO:0004029	0.000451103	0	molecular_function
G1JSI4	AF-G1JSI4-F1-model_v6	GO:0004030	0.00064360793	0	molecular_function
G1JSI4	AF-G1JSI4-F1-model_v6	GO:0004053	2.1080707e-06	0	molecular_function
G1JSI4	AF-G1JSI4-F1-model_v6	GO:0004058	4.2779498e-05	0	molecular_function
G1JSI4	AF-G1JSI4-F1-model_v6	GO:0004069	1.4966921e-05	0	molecular_function
G1JSI4	AF-G1JSI4-F1-model_v6	GO:0004084	0.00049951469	0	molecular_function
G1JSI4	AF-G1JSI4-F1-model_v6	GO:0004089	0.00026071208	0	molecular_function
G1JSI4	AF-G1JSI4-F1-model_v6	GO:0004106	2.8321903e-05	0	molecular_function
G1JSI4	AF-G1JSI4-F1-model_v6	GO:0004112	0.00017147786	0	molecular_function
G1JSI4	AF-G1JSI4-F1-model_v6	GO:0004124	0.00011441472	0	molecular_function
G1JSI4	AF-G1JSI4-F1-model_v6	GO:0004126	9.6213707e-06	0	molecular_function
G1JSI4	AF-G1JSI4-F1-model_v6	GO:0004134	1.4982041e-05	0	molecular_function
G1JSI4	AF-G1JSI4-F1-model_v6	GO:0004141	1.0799214e-05	0	molecular_function
G1JSI4	AF-G1JSI4-F1-model_v6	GO:0004144	1.3470271e-05	0	molecular_function
G1JSI4	AF-G1JSI4-F1-model_v6	GO:0004146	1.1984371e-05	0	molecular_function
G1JSI4	AF-G1JSI4-F1-model_v6	GO:0004148	3.7573031e-05	0	molecular_function
G1JSI4	AF-G1JSI4-F1-model_v6	GO:0004150	1.5969634e-05	0	molecular_function
G1JSI4	AF-G1JSI4-F1-model_v6	GO:0004156	0.00091631286	0	molecular_function
G1JSI4	AF-G1JSI4-F1-model_v6	GO:0004160	1.2392376e-05	0	molecular_function
G1JSI4	AF-G1JSI4-F1-model_v6	GO:0004163	0.00055155763	0	molecular_function
G1JSI4	AF-G1JSI4-F1-model_v6	GO:0004175	0.0021313389	0	molecular_function
G1JSI4	AF-G1JSI4-F1-model_v6	GO:0004177	4.6168632e-05	0	molecular_function
G1JSI4	AF-G1JSI4-F1-model_v6	GO:0004197	0.0041679922	0	molecular_function
G1JSI4	AF-G1JSI4-F1-model_v6	GO:0004222	0.00030398087	0	molecular_function
G1JSI4	AF-G1JSI4-F1-model_v6	GO:0004252	1.1587111e-05	0	molecular_function
G1JSI4	AF-G1JSI4-F1-model_v6	GO:0004300	0.00027510297	0	molecular_function
G1JSI4	AF-G1JSI4-F1-model_v6	GO:0004315	2.3046987e-05	0	molecular_function
G1JSI4	AF-G1JSI4-F1-model_v6	GO:0004332	1.1710738e-05	0	molecular_function
G1JSI4	AF-G1JSI4-F1-model_v6	GO:0004340	1.3693623e-05	0	molecular_function
G1JSI4	AF-G1JSI4-F1-model_v6	GO:0004343	0.0002872305	0	molecular_function
G1JSI4	AF-G1JSI4-F1-model_v6	GO:0004348	0.00022082361	0	molecular_function
G1JSI4	AF-G1JSI4-F1-model_v6	GO:0004351	1.1543973e-05	0	molecular_function
G1JSI4	AF-G1JSI4-F1-model_v6	GO:0004352	4.8655547e-05	0	molecular_function
G1JSI4	AF-G1JSI4-F1-model_v6	GO:0004353	2.2137116e-05	0	molecular_function
G1JSI4	AF-G1JSI4-F1-model_v6	GO:0004356	2.5147077e-05	0	molecular_function
G1JSI4	AF-G1JSI4-F1-model_v6	GO:0004364	1.3090646e-05	0	molecular_function
G1JSI4	AF-G1JSI4-F1-model_v6	GO:0004365	9.864504e-05	0	molecular_function
G1JSI4	AF-G1JSI4-F1-model_v6	GO:0004372	1.9365823e-06	0	molecular_function
G1JSI4	AF-G1JSI4-F1-model_v6	GO:0004396	1.0087092e-05	0	molecular_function
G1JSI4	AF-G1JSI4-F1-model_v6	GO:0004402	0.00015556523	0	molecular_function
G1JSI4	AF-G1JSI4-F1-model_v6	GO:0004441	2.5036416e-05	0	molecular_function
G1JSI4	AF-G1JSI4-F1-model_v6	GO:0004457	7.0184571e-05	0	molecular_function
G1JSI4	AF-G1JSI4-F1-model_v6	GO:0004470	8.4610387e-05	0	molecular_function
G1JSI4	AF-G1JSI4-F1-model_v6	GO:0004473	6.3152344e-05	0	molecular_function
G1JSI4	AF-G1JSI4-F1-model_v6	GO:0004475	3.1935953e-05	0	molecular_function
G1JSI4	AF-G1JSI4-F1-model_v6	GO:0004478	8.4580519e-05	0	molecular_function
G1JSI4	AF-G1JSI4-F1-model_v6	GO:0004497	0.0039042037	0	molecular_function
G1JSI4	AF-G1JSI4-F1-model_v6	GO:0004515	9.6886863e-05	0	molecular_function
G1JSI4	AF-G1JSI4-F1-model_v6	GO:0004518	0.00014751877	0	molecular_function
G1JSI4	AF-G1JSI4-F1-model_v6	GO:0004519	2.2180431e-05	0	molecular_function
G1JSI4	AF-G1JSI4-F1-model_v6	GO:0004520	0.00017289309	0	molecular_function
G1JSI4	AF-G1JSI4-F1-model_v6	GO:0004521	1.879606e-05	0	molecular_function
G1JSI4	AF-G1JSI4-F1-model_v6	GO:0004526	1.171399e-05	0	molecular_function
G1JSI4	AF-G1JSI4-F1-model_v6	GO:0004527	0.00015195178	0	molecular_function
G1JSI4	AF-G1JSI4-F1-model_v6	GO:0004529	4.7376012e-05	0	molecular_function
G1JSI4	AF-G1JSI4-F1-model_v6	GO:0004532	0.0001973714	0	molecular_function
G1JSI4	AF-G1JSI4-F1-model_v6	GO:0004536	0.00041561481	0	molecular_function
G1JSI4	AF-G1JSI4-F1-model_v6	GO:0004540	0.00015193017	0	molecular_function
G1JSI4	AF-G1JSI4-F1-model_v6	GO:0004549	1.4325729e-05	0	molecular_function
G1JSI4	AF-G1JSI4-F1-model_v6	GO:0004550	2.8821878e-05	0	molecular_function
G1JSI4	AF-G1JSI4-F1-model_v6	GO:0004551	0.00025966161	0	molecular_function
G1JSI4	AF-G1JSI4-F1-model_v6	GO:0004553	0.00010795795	0	molecular_function
G1JSI4	AF-G1JSI4-F1-model_v6	GO:0004555	0.00016921508	0	molecular_function
G1JSI4	AF-G1JSI4-F1-model_v6	GO:0004556	4.0937571e-06	0	molecular_function
G1JSI4	AF-G1JSI4-F1-model_v6	GO:0004557	0.00050217257	0	molecular_function
G1JSI4	AF-G1JSI4-F1-model_v6	GO:0004559	0.0011313235	0	molecular_function
G1JSI4	AF-G1JSI4-F1-model_v6	GO:0004563	7.1074443e-05	0	molecular_function
G1JSI4	AF-G1JSI4-F1-model_v6	GO:0004564	0.00014285145	0	molecular_function
G1JSI4	AF-G1JSI4-F1-model_v6	GO:0004565	1.2529204e-05	0	molecular_function
G1JSI4	AF-G1JSI4-F1-model_v6	GO:0004567	9.8112496e-06	0	molecular_function
G1JSI4	AF-G1JSI4-F1-model_v6	GO:0004568	4.6126579e-06	0	molecular_function
G1JSI4	AF-G1JSI4-F1-model_v6	GO:0004575	0.00011340575	0	molecular_function
G1JSI4	AF-G1JSI4-F1-model_v6	GO:0004601	2.4218312e-05	0	molecular_function
G1JSI4	AF-G1JSI4-F1-model_v6	GO:0004602	4.0301561e-06	0	molecular_function
G1JSI4	AF-G1JSI4-F1-model_v6	GO:0004611	0.00017837285	0	molecular_function
G1JSI4	AF-G1JSI4-F1-model_v6	GO:0004620	0.0006702629	0	molecular_function
G1JSI4	AF-G1JSI4-F1-model_v6	GO:0004623	9.3796931e-05	0	molecular_function
G1JSI4	AF-G1JSI4-F1-model_v6	GO:0004629	0.0016472619	0	molecular_function
G1JSI4	AF-G1JSI4-F1-model_v6	GO:0004630	0.00016601193	0	molecular_function
G1JSI4	AF-G1JSI4-F1-model_v6	GO:0004633	2.1081463e-05	0	molecular_function
G1JSI4	AF-G1JSI4-F1-model_v6	GO:0004645	1.2366232e-05	0	molecular_function
G1JSI4	AF-G1JSI4-F1-model_v6	GO:0004650	0.00083470775	0	molecular_function
G1JSI4	AF-G1JSI4-F1-model_v6	GO:0004659	1.3349389e-05	0	molecular_function
G1JSI4	AF-G1JSI4-F1-model_v6	GO:0004672	9.0097186e-05	0	molecular_function
G1JSI4	AF-G1JSI4-F1-model_v6	GO:0004674	0.00011386627	0	molecular_function
G1JSI4	AF-G1JSI4-F1-model_v6	GO:0004707	0.00010998693	0	molecular_function
G1JSI4	AF-G1JSI4-F1-model_v6	GO:0004721	3.1535725e-05	0	molecular_function
G1JSI4	AF-G1JSI4-F1-model_v6	GO:0004722	1.5986818e-05	0	molecular_function
G1JSI4	AF-G1JSI4-F1-model_v6	GO:0004725	2.6591528e-05	0	molecular_function
G1JSI4	AF-G1JSI4-F1-model_v6	GO:0004730	0.00035921374	0	molecular_function
G1JSI4	AF-G1JSI4-F1-model_v6	GO:0004735	4.1070807e-06	0	molecular_function
G1JSI4	AF-G1JSI4-F1-model_v6	GO:0004758	1.4571805e-05	0	molecular_function
G1JSI4	AF-G1JSI4-F1-model_v6	GO:0004760	0.00011560367	0	molecular_function
G1JSI4	AF-G1JSI4-F1-model_v6	GO:0004766	2.7178974e-06	0	molecular_function
G1JSI4	AF-G1JSI4-F1-model_v6	GO:0004784	0.00031115368	0	molecular_function
G1JSI4	AF-G1JSI4-F1-model_v6	GO:0004792	1.9205718e-05	0	molecular_function
G1JSI4	AF-G1JSI4-F1-model_v6	GO:0004795	2.4633844e-05	0	molecular_function
G1JSI4	AF-G1JSI4-F1-model_v6	GO:0004802	7.3631039e-05	0	molecular_function
G1JSI4	AF-G1JSI4-F1-model_v6	GO:0004807	6.9625289e-06	0	molecular_function
G1JSI4	AF-G1JSI4-F1-model_v6	GO:0004837	0.00035851522	0	molecular_function
G1JSI4	AF-G1JSI4-F1-model_v6	GO:0004842	0.0094865784	0	molecular_function
G1JSI4	AF-G1JSI4-F1-model_v6	GO:0004848	3.7353293e-05	0	molecular_function
G1JSI4	AF-G1JSI4-F1-model_v6	GO:0004856	9.0486363e-05	0	molecular_function
G1JSI4	AF-G1JSI4-F1-model_v6	GO:0004857	4.8783761e-05	0	molecular_function
G1JSI4	AF-G1JSI4-F1-model_v6	GO:0004864	0.00016406068	0	molecular_function
G1JSI4	AF-G1JSI4-F1-model_v6	GO:0004866	5.725052e-05	0	molecular_function
G1JSI4	AF-G1JSI4-F1-model_v6	GO:0004867	0.00029200339	0	molecular_function
G1JSI4	AF-G1JSI4-F1-model_v6	GO:0004869	1.4634405e-05	0	molecular_function
G1JSI4	AF-G1JSI4-F1-model_v6	GO:0005078	6.6694178e-05	0	molecular_function
G1JSI4	AF-G1JSI4-F1-model_v6	GO:0005095	0.0003164135	0	molecular_function
G1JSI4	AF-G1JSI4-F1-model_v6	GO:0005096	0.00047088607	0	molecular_function
G1JSI4	AF-G1JSI4-F1-model_v6	GO:0005102	0.13437048	0	molecular_function
G1JSI4	AF-G1JSI4-F1-model_v6	GO:0005198	7.9758807e-05	0	molecular_function
G1JSI4	AF-G1JSI4-F1-model_v6	GO:0005215	0.007649553	0	molecular_function
G1JSI4	AF-G1JSI4-F1-model_v6	GO:0005216	0.053326447	0	molecular_function
G1JSI4	AF-G1JSI4-F1-model_v6	GO:0005217	4.1550502e-05	0	molecular_function
G1JSI4	AF-G1JSI4-F1-model_v6	GO:0005221	3.7090536e-05	0	molecular_function
G1JSI4	AF-G1JSI4-F1-model_v6	GO:0005223	2.5620271e-05	0	molecular_function
G1JSI4	AF-G1JSI4-F1-model_v6	GO:0005227	0.00029475501	0	molecular_function
G1JSI4	AF-G1JSI4-F1-model_v6	GO:0005242	0.00034723859	0	molecular_function
G1JSI4	AF-G1JSI4-F1-model_v6	GO:0005244	0.010349964	0	molecular_function
G1JSI4	AF-G1JSI4-F1-model_v6	GO:0005249	0.00029129474	0	molecular_function
G1JSI4	AF-G1JSI4-F1-model_v6	GO:0005253	0.04657485	0	molecular_function
G1JSI4	AF-G1JSI4-F1-model_v6	GO:0005261	7.6504824e-05	0	molecular_function
G1JSI4	AF-G1JSI4-F1-model_v6	GO:0005262	1.4723894e-05	0	molecular_function
G1JSI4	AF-G1JSI4-F1-model_v6	GO:0005267	0.00031322506	0	molecular_function
G1JSI4	AF-G1JSI4-F1-model_v6	GO:0005275	1.2934038e-05	0	molecular_function
G1JSI4	AF-G1JSI4-F1-model_v6	GO:0005290	3.864332e-05	0	molecular_function
G1JSI4	AF-G1JSI4-F1-model_v6	GO:0005310	0.00041029128	0	molecular_function
G1JSI4	AF-G1JSI4-F1-model_v6	GO:0005319	5.6954577e-05	0	molecular_function
G1JSI4	AF-G1JSI4-F1-model_v6	GO:0005344	0.00022896331	0	molecular_function
G1JSI4	AF-G1JSI4-F1-model_v6	GO:0005345	6.7730393e-06	0	molecular_function
G1JSI4	AF-G1JSI4-F1-model_v6	GO:0005351	4.5063789e-05	0	molecular_function
G1JSI4	AF-G1JSI4-F1-model_v6	GO:0005354	0.00012044195	0	molecular_function
G1JSI4	AF-G1JSI4-F1-model_v6	GO:0005356	8.6373118e-05	0	molecular_function
G1JSI4	AF-G1JSI4-F1-model_v6	GO:0005372	1.0763401e-05	0	molecular_function
G1JSI4	AF-G1JSI4-F1-model_v6	GO:0005375	0.0012660254	0	molecular_function
G1JSI4	AF-G1JSI4-F1-model_v6	GO:0005388	0.00013512297	0	molecular_function
G1JSI4	AF-G1JSI4-F1-model_v6	GO:0005402	2.7831991e-05	0	molecular_function
G1JSI4	AF-G1JSI4-F1-model_v6	GO:0005488	0.59427184	1	molecular_function
G1JSI4	AF-G1JSI4-F1-model_v6	GO:0005501	1.3859654e-05	0	molecular_function
G1JSI4	AF-G1JSI4-F1-model_v6	GO:0005504	1.4218614e-05	0	molecular_function
G1JSI4	AF-G1JSI4-F1-model_v6	GO:0005506	0.0006255905	0	molecular_function
G1JSI4	AF-G1JSI4-F1-model_v6	GO:0005507	0.00021051592	0	molecular_function
G1JSI4	AF-G1JSI4-F1-model_v6	GO:0005509	0.0022186444	0	molecular_function
G1JSI4	AF-G1JSI4-F1-model_v6	GO:0005515	0.60631216	1	molecular_function
G1JSI4	AF-G1JSI4-F1-model_v6	GO:0005516	1.2013647e-05	0	molecular_function
G1JSI4	AF-G1JSI4-F1-model_v6	GO:0005524	8.230817e-06	0	molecular_function
G1JSI4	AF-G1JSI4-F1-model_v6	GO:0005525	0.00035978886	0	molecular_function
G1JSI4	AF-G1JSI4-F1-model_v6	GO:0005534	2.3009918e-05	0	molecular_function
G1JSI4	AF-G1JSI4-F1-model_v6	GO:0005536	0.00073129032	0	molecular_function
G1JSI4	AF-G1JSI4-F1-model_v6	GO:0005537	0.00054358674	0	molecular_function
G1JSI4	AF-G1JSI4-F1-model_v6	GO:0005543	0.0013407923	0	molecular_function
G1JSI4	AF-G1JSI4-F1-model_v6	GO:0005544	0.0008696586	0	molecular_function
G1JSI4	AF-G1JSI4-F1-model_v6	GO:0005546	0.00024325385	0	molecular_function
G1JSI4	AF-G1JSI4-F1-model_v6	GO:0008017	0.003120058	0	molecular_function
G1JSI4	AF-G1JSI4-F1-model_v6	GO:0008047	0.00068798882	0	molecular_function
G1JSI4	AF-G1JSI4-F1-model_v6	GO:0008061	0.012459317	0	molecular_function
G1JSI4	AF-G1JSI4-F1-model_v6	GO:0008080	0.00015041298	0	molecular_function
G1JSI4	AF-G1JSI4-F1-model_v6	GO:0008081	0.00022333667	0	molecular_function
G1JSI4	AF-G1JSI4-F1-model_v6	GO:0008092	0.0036288716	0	molecular_function
G1JSI4	AF-G1JSI4-F1-model_v6	GO:0008094	0.0013353151	0	molecular_function
G1JSI4	AF-G1JSI4-F1-model_v6	GO:0008097	1.3770747e-05	0	molecular_function
G1JSI4	AF-G1JSI4-F1-model_v6	GO:0008106	0.00025913629	0	molecular_function
G1JSI4	AF-G1JSI4-F1-model_v6	GO:0008134	1.1773776e-05	0	molecular_function
G1JSI4	AF-G1JSI4-F1-model_v6	GO:0008137	1.7353954e-05	0	molecular_function
G1JSI4	AF-G1JSI4-F1-model_v6	GO:0008146	0.00047173482	0	molecular_function
G1JSI4	AF-G1JSI4-F1-model_v6	GO:0008168	0.00045347432	0	molecular_function
G1JSI4	AF-G1JSI4-F1-model_v6	GO:0008170	0.00014537512	0	molecular_function
G1JSI4	AF-G1JSI4-F1-model_v6	GO:0008171	1.4029407e-05	0	molecular_function
G1JSI4	AF-G1JSI4-F1-model_v6	GO:0008172	5.1088933e-05	0	molecular_function
G1JSI4	AF-G1JSI4-F1-model_v6	GO:0008173	6.768771e-05	0	molecular_function
G1JSI4	AF-G1JSI4-F1-model_v6	GO:0008187	0.00034448536	0	molecular_function
G1JSI4	AF-G1JSI4-F1-model_v6	GO:0008194	0.0070549338	0	molecular_function
G1JSI4	AF-G1JSI4-F1-model_v6	GO:0008199	1.3082647e-05	0	molecular_function
G1JSI4	AF-G1JSI4-F1-model_v6	GO:0008233	0.012930647	0	molecular_function
G1JSI4	AF-G1JSI4-F1-model_v6	GO:0008234	0.0075758281	0	molecular_function
G1JSI4	AF-G1JSI4-F1-model_v6	GO:0008236	1.7791155e-05	0	molecular_function
G1JSI4	AF-G1JSI4-F1-model_v6	GO:0008237	0.0002964302	0	molecular_function
G1JSI4	AF-G1JSI4-F1-model_v6	GO:0008238	5.4194541e-05	0	molecular_function
G1JSI4	AF-G1JSI4-F1-model_v6	GO:0008242	0.00032294457	0	molecular_function
G1JSI4	AF-G1JSI4-F1-model_v6	GO:0008252	2.3592054e-05	0	molecular_function
G1JSI4	AF-G1JSI4-F1-model_v6	GO:0008266	0.00023117801	0	molecular_function
G1JSI4	AF-G1JSI4-F1-model_v6	GO:0008270	3.6205067e-05	0	molecular_function
G1JSI4	AF-G1JSI4-F1-model_v6	GO:0008276	4.2635493e-05	0	molecular_function
G1JSI4	AF-G1JSI4-F1-model_v6	GO:0008289	4.5515553e-05	0	molecular_function
G1JSI4	AF-G1JSI4-F1-model_v6	GO:0008296	4.5828812e-05	0	molecular_function
G1JSI4	AF-G1JSI4-F1-model_v6	GO:0008297	4.8227448e-05	0	molecular_function
G1JSI4	AF-G1JSI4-F1-model_v6	GO:0008308	0.0056193001	0	molecular_function
G1JSI4	AF-G1JSI4-F1-model_v6	GO:0008310	5.2578456e-05	0	molecular_function
G1JSI4	AF-G1JSI4-F1-model_v6	GO:0008320	0.011854749	0	molecular_function
G1JSI4	AF-G1JSI4-F1-model_v6	GO:0008324	0.0003650079	0	molecular_function
G1JSI4	AF-G1JSI4-F1-model_v6	GO:0008381	0.0019493116	0	molecular_function
G1JSI4	AF-G1JSI4-F1-model_v6	GO:0008395	1.4972719e-05	0	molecular_function
G1JSI4	AF-G1JSI4-F1-model_v6	GO:0008408	8.0228972e-05	0	molecular_function
G1JSI4	AF-G1JSI4-F1-model_v6	GO:0008413	1.6059204e-05	0	molecular_function
G1JSI4	AF-G1JSI4-F1-model_v6	GO:0008417	0.00038808203	0	molecular_function
G1JSI4	AF-G1JSI4-F1-model_v6	GO:0008422	0.00030045034	0	molecular_function
G1JSI4	AF-G1JSI4-F1-model_v6	GO:0008441	1.9102828e-05	0	molecular_function
G1JSI4	AF-G1JSI4-F1-model_v6	GO:0008446	0.00011051451	0	molecular_function
G1JSI4	AF-G1JSI4-F1-model_v6	GO:0008453	6.9226015e-05	0	molecular_function
G1JSI4	AF-G1JSI4-F1-model_v6	GO:0008477	1.7076625e-05	0	molecular_function
G1JSI4	AF-G1JSI4-F1-model_v6	GO:0008482	0.00050980999	0	molecular_function
G1JSI4	AF-G1JSI4-F1-model_v6	GO:0008483	7.7983415e-05	0	molecular_function
G1JSI4	AF-G1JSI4-F1-model_v6	GO:0008506	0.00012381138	0	molecular_function
G1JSI4	AF-G1JSI4-F1-model_v6	GO:0008509	0.051959533	0	molecular_function
G1JSI4	AF-G1JSI4-F1-model_v6	GO:0008515	5.276567e-05	0	molecular_function
G1JSI4	AF-G1JSI4-F1-model_v6	GO:0008661	4.5176945e-05	0	molecular_function
G1JSI4	AF-G1JSI4-F1-model_v6	GO:0008663	0.00017881168	0	molecular_function
G1JSI4	AF-G1JSI4-F1-model_v6	GO:0008705	4.4678654e-05	0	molecular_function
G1JSI4	AF-G1JSI4-F1-model_v6	GO:0008720	4.9185135e-05	0	molecular_function
G1JSI4	AF-G1JSI4-F1-model_v6	GO:0008757	0.00033682847	0	molecular_function
G1JSI4	AF-G1JSI4-F1-model_v6	GO:0008780	0.00022661728	0	molecular_function
G1JSI4	AF-G1JSI4-F1-model_v6	GO:0008782	0.00035697623	0	molecular_function
G1JSI4	AF-G1JSI4-F1-model_v6	GO:0008783	1.3063896e-05	0	molecular_function
G1JSI4	AF-G1JSI4-F1-model_v6	GO:0008793	0.0008149512	0	molecular_function
G1JSI4	AF-G1JSI4-F1-model_v6	GO:0008794	1.1483709e-05	0	molecular_function
G1JSI4	AF-G1JSI4-F1-model_v6	GO:0008802	0.0010491461	0	molecular_function
G1JSI4	AF-G1JSI4-F1-model_v6	GO:0008830	1.4257348e-05	0	molecular_function
G1JSI4	AF-G1JSI4-F1-model_v6	GO:0008831	1.6223497e-05	0	molecular_function
G1JSI4	AF-G1JSI4-F1-model_v6	GO:0008840	6.2729152e-05	0	molecular_function
G1JSI4	AF-G1JSI4-F1-model_v6	GO:0008843	1.1039373e-05	0	molecular_function
G1JSI4	AF-G1JSI4-F1-model_v6	GO:0008859	3.8882306e-05	0	molecular_function
G1JSI4	AF-G1JSI4-F1-model_v6	GO:0008863	2.0390436e-05	0	molecular_function
G1JSI4	AF-G1JSI4-F1-model_v6	GO:0008865	0.00014000187	0	molecular_function
G1JSI4	AF-G1JSI4-F1-model_v6	GO:0008886	8.626323e-05	0	molecular_function
G1JSI4	AF-G1JSI4-F1-model_v6	GO:0008893	0.00017273769	0	molecular_function
G1JSI4	AF-G1JSI4-F1-model_v6	GO:0008909	1.8358267e-05	0	molecular_function
G1JSI4	AF-G1JSI4-F1-model_v6	GO:0008930	3.0354522e-05	0	molecular_function
G1JSI4	AF-G1JSI4-F1-model_v6	GO:0008964	0.00013810441	0	molecular_function
G1JSI4	AF-G1JSI4-F1-model_v6	GO:0008970	1.3139725e-05	0	molecular_function
G1JSI4	AF-G1JSI4-F1-model_v6	GO:0009000	0.00074763584	0	molecular_function
G1JSI4	AF-G1JSI4-F1-model_v6	GO:0009008	3.3165175e-05	0	molecular_function
G1JSI4	AF-G1JSI4-F1-model_v6	GO:0009039	2.4747156e-05	0	molecular_function
G1JSI4	AF-G1JSI4-F1-model_v6	GO:0009055	0.00095215917	0	molecular_function
G1JSI4	AF-G1JSI4-F1-model_v6	GO:0009669	5.4887776e-05	0	molecular_function
G1JSI4	AF-G1JSI4-F1-model_v6	GO:0009679	0.00010625037	0	molecular_function
G1JSI4	AF-G1JSI4-F1-model_v6	GO:0009824	0.00022989807	0	molecular_function
G1JSI4	AF-G1JSI4-F1-model_v6	GO:0009881	0.0020990081	0	molecular_function
G1JSI4	AF-G1JSI4-F1-model_v6	GO:0009883	0.0032864497	0	molecular_function
G1JSI4	AF-G1JSI4-F1-model_v6	GO:0009905	9.3677743e-05	0	molecular_function
G1JSI4	AF-G1JSI4-F1-model_v6	GO:0009927	3.9341743e-05	0	molecular_function
G1JSI4	AF-G1JSI4-F1-model_v6	GO:0009975	0.0034537294	0	molecular_function
G1JSI4	AF-G1JSI4-F1-model_v6	GO:0009978	1.2696929e-05	0	molecular_function
G1JSI4	AF-G1JSI4-F1-model_v6	GO:0010011	0.0028486422	0	molecular_function
G1JSI4	AF-G1JSI4-F1-model_v6	GO:0010178	0.0010907067	0	molecular_function
G1JSI4	AF-G1JSI4-F1-model_v6	GO:0010179	0.0014542663	0	molecular_function
G1JSI4	AF-G1JSI4-F1-model_v6	GO:0010181	0.0014000977	0	molecular_function
G1JSI4	AF-G1JSI4-F1-model_v6	GO:0010242	0.0007628621	0	molecular_function
G1JSI4	AF-G1JSI4-F1-model_v6	GO:0010279	1.411484e-05	0	molecular_function
G1JSI4	AF-G1JSI4-F1-model_v6	GO:0010283	0.027120927	0	molecular_function
G1JSI4	AF-G1JSI4-F1-model_v6	GO:0010284	0.0072510736	0	molecular_function
G1JSI4	AF-G1JSI4-F1-model_v6	GO:0010285	2.3598046e-05	0	molecular_function
G1JSI4	AF-G1JSI4-F1-model_v6	GO:0010326	0.00097995717	0	molecular_function
G1JSI4	AF-G1JSI4-F1-model_v6	GO:0010328	1.6970173e-05	0	molecular_function
G1JSI4	AF-G1JSI4-F1-model_v6	GO:0010329	4.3629767e-05	0	molecular_function
G1JSI4	AF-G1JSI4-F1-model_v6	GO:0010331	1.1822506e-05	0	molecular_function
G1JSI4	AF-G1JSI4-F1-model_v6	GO:0010333	0.44789249	0	molecular_function
G1JSI4	AF-G1JSI4-F1-model_v6	GO:0010334	0.29113221	0	molecular_function
G1JSI4	AF-G1JSI4-F1-model_v6	GO:0010427	4.2335992e-05	0	molecular_function
G1JSI4	AF-G1JSI4-F1-model_v6	GO:0010945	0.00021002351	0	molecular_function
G1JSI4	AF-G1JSI4-F1-model_v6	GO:0015036	9.2910077e-06	0	molecular_function
G1JSI4	AF-G1JSI4-F1-model_v6	GO:0015038	9.8104838e-06	0	molecular_function
G1JSI4	AF-G1JSI4-F1-model_v6	GO:0015066	3.6927122e-05	0	molecular_function
G1JSI4	AF-G1JSI4-F1-model_v6	GO:0015075	0.021364564	0	molecular_function
G1JSI4	AF-G1JSI4-F1-model_v6	GO:0015078	5.801248e-05	0	molecular_function
G1JSI4	AF-G1JSI4-F1-model_v6	GO:0015079	0.00045106729	0	molecular_function
G1JSI4	AF-G1JSI4-F1-model_v6	GO:0015081	0.0016297313	0	molecular_function
G1JSI4	AF-G1JSI4-F1-model_v6	GO:0015085	1.942883e-05	0	molecular_function
G1JSI4	AF-G1JSI4-F1-model_v6	GO:0015112	0.00025576318	0	molecular_function
G1JSI4	AF-G1JSI4-F1-model_v6	GO:0015140	0.00046252925	0	molecular_function
G1JSI4	AF-G1JSI4-F1-model_v6	GO:0015144	5.0840812e-05	0	molecular_function
G1JSI4	AF-G1JSI4-F1-model_v6	GO:0015145	0.00010306553	0	molecular_function
G1JSI4	AF-G1JSI4-F1-model_v6	GO:0015149	0.00010726878	0	molecular_function
G1JSI4	AF-G1JSI4-F1-model_v6	GO:0015154	8.2145118e-05	0	molecular_function
G1JSI4	AF-G1JSI4-F1-model_v6	GO:0015157	7.281248e-05	0	molecular_function
G1JSI4	AF-G1JSI4-F1-model_v6	GO:0015171	2.4077881e-05	0	molecular_function
G1JSI4	AF-G1JSI4-F1-model_v6	GO:0015173	2.5474195e-05	0	molecular_function
G1JSI4	AF-G1JSI4-F1-model_v6	GO:0015174	2.5317242e-05	0	molecular_function
G1JSI4	AF-G1JSI4-F1-model_v6	GO:0015179	3.662967e-05	0	molecular_function
G1JSI4	AF-G1JSI4-F1-model_v6	GO:0015200	1.2058142e-05	0	molecular_function
G1JSI4	AF-G1JSI4-F1-model_v6	GO:0015204	0.00013329253	0	molecular_function
G1JSI4	AF-G1JSI4-F1-model_v6	GO:0015205	1.1224241e-05	0	molecular_function
G1JSI4	AF-G1JSI4-F1-model_v6	GO:0015215	0.00012429889	0	molecular_function
G1JSI4	AF-G1JSI4-F1-model_v6	GO:0015216	0.00021082492	0	molecular_function
G1JSI4	AF-G1JSI4-F1-model_v6	GO:0015250	1.6379685e-05	0	molecular_function
G1JSI4	AF-G1JSI4-F1-model_v6	GO:0015267	0.044317983	0	molecular_function
G1JSI4	AF-G1JSI4-F1-model_v6	GO:0015271	1.0294076e-05	0	molecular_function
G1JSI4	AF-G1JSI4-F1-model_v6	GO:0015276	0.00020951474	0	molecular_function
G1JSI4	AF-G1JSI4-F1-model_v6	GO:0015288	0.002215283	0	molecular_function
G1JSI4	AF-G1JSI4-F1-model_v6	GO:0015291	0.00018896147	0	molecular_function
G1JSI4	AF-G1JSI4-F1-model_v6	GO:0015293	0.000214712	0	molecular_function
G1JSI4	AF-G1JSI4-F1-model_v6	GO:0015294	0.00017536641	0	molecular_function
G1JSI4	AF-G1JSI4-F1-model_v6	GO:0015295	0.00030368852	0	molecular_function
G1JSI4	AF-G1JSI4-F1-model_v6	GO:0015297	7.7741221e-05	0	molecular_function
G1JSI4	AF-G1JSI4-F1-model_v6	GO:0015368	8.5490152e-05	0	molecular_function
G1JSI4	AF-G1JSI4-F1-model_v6	GO:0015369	7.1960487e-05	0	molecular_function
G1JSI4	AF-G1JSI4-F1-model_v6	GO:0015386	1.5701813e-05	0	molecular_function
G1JSI4	AF-G1JSI4-F1-model_v6	GO:0015399	0.0035384425	0	molecular_function
G1JSI4	AF-G1JSI4-F1-model_v6	GO:0015450	0.015121705	0	molecular_function
G1JSI4	AF-G1JSI4-F1-model_v6	GO:0015453	1.5437918e-05	0	molecular_function
G1JSI4	AF-G1JSI4-F1-model_v6	GO:0015556	0.00046667602	0	molecular_function
G1JSI4	AF-G1JSI4-F1-model_v6	GO:0015562	4.5323228e-05	0	molecular_function
G1JSI4	AF-G1JSI4-F1-model_v6	GO:0015578	0.00012305482	0	molecular_function
G1JSI4	AF-G1JSI4-F1-model_v6	GO:0015605	8.3255218e-05	0	molecular_function
G1JSI4	AF-G1JSI4-F1-model_v6	GO:0015631	0.0047743777	0	molecular_function
G1JSI4	AF-G1JSI4-F1-model_v6	GO:0015662	0.00079394801	0	molecular_function
G1JSI4	AF-G1JSI4-F1-model_v6	GO:0015923	0.0003055358	0	molecular_function
G1JSI4	AF-G1JSI4-F1-model_v6	GO:0015925	0.0002668243	0	molecular_function
G1JSI4	AF-G1JSI4-F1-model_v6	GO:0015926	0.00029407776	0	molecular_function
G1JSI4	AF-G1JSI4-F1-model_v6	GO:0015927	0.00018908066	0	molecular_function
G1JSI4	AF-G1JSI4-F1-model_v6	GO:0015928	0.00018610166	0	molecular_function
G1JSI4	AF-G1JSI4-F1-model_v6	GO:0015929	6.993529e-05	0	molecular_function
G1JSI4	AF-G1JSI4-F1-model_v6	GO:0015932	8.9749716e-05	0	molecular_function
G1JSI4	AF-G1JSI4-F1-model_v6	GO:0016034	0.00024471976	0	molecular_function
G1JSI4	AF-G1JSI4-F1-model_v6	GO:0016151	1.8767698e-05	0	molecular_function
G1JSI4	AF-G1JSI4-F1-model_v6	GO:0016157	1.4205842e-05	0	molecular_function
G1JSI4	AF-G1JSI4-F1-model_v6	GO:0016160	5.2863186e-07	0	molecular_function
G1JSI4	AF-G1JSI4-F1-model_v6	GO:0016161	7.6192446e-06	0	molecular_function
G1JSI4	AF-G1JSI4-F1-model_v6	GO:0016162	0.00053031713	0	molecular_function
G1JSI4	AF-G1JSI4-F1-model_v6	GO:0016165	0.00047131564	0	molecular_function
G1JSI4	AF-G1JSI4-F1-model_v6	GO:0016207	4.8048812e-05	0	molecular_function
G1JSI4	AF-G1JSI4-F1-model_v6	GO:0016208	0.0007588091	0	molecular_function
G1JSI4	AF-G1JSI4-F1-model_v6	GO:0016209	5.7817084e-05	0	molecular_function
G1JSI4	AF-G1JSI4-F1-model_v6	GO:0016210	9.1111804e-05	0	molecular_function
G1JSI4	AF-G1JSI4-F1-model_v6	GO:0016211	2.6678568e-05	0	molecular_function
G1JSI4	AF-G1JSI4-F1-model_v6	GO:0016229	0.00026924635	0	molecular_function
G1JSI4	AF-G1JSI4-F1-model_v6	GO:0016231	0.00010244174	0	molecular_function
G1JSI4	AF-G1JSI4-F1-model_v6	GO:0016247	0.0001220038	0	molecular_function
G1JSI4	AF-G1JSI4-F1-model_v6	GO:0016273	7.2058494e-05	0	molecular_function
G1JSI4	AF-G1JSI4-F1-model_v6	GO:0016274	8.5566622e-05	0	molecular_function
G1JSI4	AF-G1JSI4-F1-model_v6	GO:0016298	0.00048203729	0	molecular_function
G1JSI4	AF-G1JSI4-F1-model_v6	GO:0016301	7.7032098e-05	0	molecular_function
G1JSI4	AF-G1JSI4-F1-model_v6	GO:0016312	1.7975104e-05	0	molecular_function
G1JSI4	AF-G1JSI4-F1-model_v6	GO:0016405	2.0627665e-05	0	molecular_function
G1JSI4	AF-G1JSI4-F1-model_v6	GO:0016407	0.0069133751	0	molecular_function
G1JSI4	AF-G1JSI4-F1-model_v6	GO:0016409	1.142739e-05	0	molecular_function
G1JSI4	AF-G1JSI4-F1-model_v6	GO:0016411	1.3999604e-05	0	molecular_function
G1JSI4	AF-G1JSI4-F1-model_v6	GO:0016413	0.0050411825	0	molecular_function
G1JSI4	AF-G1JSI4-F1-model_v6	GO:0016420	0.0004713349	0	molecular_function
G1JSI4	AF-G1JSI4-F1-model_v6	GO:0016454	1.4581302e-05	0	molecular_function
G1JSI4	AF-G1JSI4-F1-model_v6	GO:0016462	0.00051639875	0	molecular_function
G1JSI4	AF-G1JSI4-F1-model_v6	GO:0016464	0.012748996	0	molecular_function
G1JSI4	AF-G1JSI4-F1-model_v6	GO:0016491	0.0020618609	0	molecular_function
G1JSI4	AF-G1JSI4-F1-model_v6	GO:0016597	2.5882889e-06	0	molecular_function
G1JSI4	AF-G1JSI4-F1-model_v6	GO:0016614	0.00046802615	0	molecular_function
G1JSI4	AF-G1JSI4-F1-model_v6	GO:0016615	7.127002e-05	0	molecular_function
G1JSI4	AF-G1JSI4-F1-model_v6	GO:0016616	0.00045207897	0	molecular_function
G1JSI4	AF-G1JSI4-F1-model_v6	GO:0016618	4.2885451e-05	0	molecular_function
G1JSI4	AF-G1JSI4-F1-model_v6	GO:0016620	0.0010799993	0	molecular_function
G1JSI4	AF-G1JSI4-F1-model_v6	GO:0016621	0.00016855988	0	molecular_function
G1JSI4	AF-G1JSI4-F1-model_v6	GO:0016623	5.6505338e-05	0	molecular_function
G1JSI4	AF-G1JSI4-F1-model_v6	GO:0016625	0.00052737532	0	molecular_function
G1JSI4	AF-G1JSI4-F1-model_v6	GO:0016627	0.0045021535	0	molecular_function
G1JSI4	AF-G1JSI4-F1-model_v6	GO:0016628	0.004089186	0	molecular_function
G1JSI4	AF-G1JSI4-F1-model_v6	GO:0016629	0.00057164655	0	molecular_function
G1JSI4	AF-G1JSI4-F1-model_v6	GO:0016632	0.00047932519	0	molecular_function
G1JSI4	AF-G1JSI4-F1-model_v6	GO:0016633	0.0004386291	0	molecular_function
G1JSI4	AF-G1JSI4-F1-model_v6	GO:0016634	2.7710479e-05	0	molecular_function
G1JSI4	AF-G1JSI4-F1-model_v6	GO:0016638	0.00012803676	0	molecular_function
G1JSI4	AF-G1JSI4-F1-model_v6	GO:0016639	2.3888859e-05	0	molecular_function
G1JSI4	AF-G1JSI4-F1-model_v6	GO:0016641	0.00055711233	0	molecular_function
G1JSI4	AF-G1JSI4-F1-model_v6	GO:0016645	8.2990408e-07	0	molecular_function
G1JSI4	AF-G1JSI4-F1-model_v6	GO:0016646	7.6118886e-06	0	molecular_function
G1JSI4	AF-G1JSI4-F1-model_v6	GO:0016647	1.6531141e-05	0	molecular_function
G1JSI4	AF-G1JSI4-F1-model_v6	GO:0016651	4.6964979e-05	0	molecular_function
G1JSI4	AF-G1JSI4-F1-model_v6	GO:0016653	9.3374481e-05	0	molecular_function
G1JSI4	AF-G1JSI4-F1-model_v6	GO:0016655	8.3787063e-06	0	molecular_function
G1JSI4	AF-G1JSI4-F1-model_v6	GO:0016656	1.3701013e-05	0	molecular_function
G1JSI4	AF-G1JSI4-F1-model_v6	GO:0016667	4.3863962e-05	0	molecular_function
G1JSI4	AF-G1JSI4-F1-model_v6	GO:0016668	5.028677e-05	0	molecular_function
G1JSI4	AF-G1JSI4-F1-model_v6	GO:0016670	0.00048133443	0	molecular_function
G1JSI4	AF-G1JSI4-F1-model_v6	GO:0016671	6.1054365e-05	0	molecular_function
G1JSI4	AF-G1JSI4-F1-model_v6	GO:0016672	8.6729533e-06	0	molecular_function
G1JSI4	AF-G1JSI4-F1-model_v6	GO:0016673	4.2991447e-05	0	molecular_function
G1JSI4	AF-G1JSI4-F1-model_v6	GO:0016679	0.00062947546	0	molecular_function
G1JSI4	AF-G1JSI4-F1-model_v6	GO:0016682	0.00084392366	0	molecular_function
G1JSI4	AF-G1JSI4-F1-model_v6	GO:0016684	3.8591443e-05	0	molecular_function
G1JSI4	AF-G1JSI4-F1-model_v6	GO:0016701	0.00067420845	0	molecular_function
G1JSI4	AF-G1JSI4-F1-model_v6	GO:0016702	0.00087934651	0	molecular_function
G1JSI4	AF-G1JSI4-F1-model_v6	GO:0016705	0.00022505676	0	molecular_function
G1JSI4	AF-G1JSI4-F1-model_v6	GO:0016706	0.00050847087	0	molecular_function
G1JSI4	AF-G1JSI4-F1-model_v6	GO:0016707	0.00029144876	0	molecular_function
G1JSI4	AF-G1JSI4-F1-model_v6	GO:0016710	0.0033127044	0	molecular_function
G1JSI4	AF-G1JSI4-F1-model_v6	GO:0016712	0.003338007	0	molecular_function
G1JSI4	AF-G1JSI4-F1-model_v6	GO:0016717	9.6153881e-06	0	molecular_function
G1JSI4	AF-G1JSI4-F1-model_v6	GO:0016721	0.00028411715	0	molecular_function
G1JSI4	AF-G1JSI4-F1-model_v6	GO:0016722	0.00098815653	0	molecular_function
G1JSI4	AF-G1JSI4-F1-model_v6	GO:0016723	0.00080738327	0	molecular_function
G1JSI4	AF-G1JSI4-F1-model_v6	GO:0016725	1.307565e-05	0	molecular_function
G1JSI4	AF-G1JSI4-F1-model_v6	GO:0016726	1.9583294e-05	0	molecular_function
G1JSI4	AF-G1JSI4-F1-model_v6	GO:0016740	0.0047557186	0	molecular_function
G1JSI4	AF-G1JSI4-F1-model_v6	GO:0016741	0.00010777245	0	molecular_function
G1JSI4	AF-G1JSI4-F1-model_v6	GO:0016742	2.0230764e-06	0	molecular_function
G1JSI4	AF-G1JSI4-F1-model_v6	GO:0016744	6.7799403e-05	0	molecular_function
G1JSI4	AF-G1JSI4-F1-model_v6	GO:0016746	0.00080785959	0	molecular_function
G1JSI4	AF-G1JSI4-F1-model_v6	GO:0016747	0.00082457141	0	molecular_function
G1JSI4	AF-G1JSI4-F1-model_v6	GO:0016755	0.0047495021	0	molecular_function
G1JSI4	AF-G1JSI4-F1-model_v6	GO:0016757	0.004919203	0	molecular_function
G1JSI4	AF-G1JSI4-F1-model_v6	GO:0016758	0.026217988	0	molecular_function
G1JSI4	AF-G1JSI4-F1-model_v6	GO:0016762	8.2824554e-05	0	molecular_function
G1JSI4	AF-G1JSI4-F1-model_v6	GO:0016763	0.00047276379	0	molecular_function
G1JSI4	AF-G1JSI4-F1-model_v6	GO:0016765	5.9472713e-05	0	molecular_function
G1JSI4	AF-G1JSI4-F1-model_v6	GO:0016769	8.663434e-05	0	molecular_function
G1JSI4	AF-G1JSI4-F1-model_v6	GO:0016772	6.4418804e-05	0	molecular_function
G1JSI4	AF-G1JSI4-F1-model_v6	GO:0016773	4.2616575e-05	0	molecular_function
G1JSI4	AF-G1JSI4-F1-model_v6	GO:0016776	2.2319829e-05	0	molecular_function
G1JSI4	AF-G1JSI4-F1-model_v6	GO:0016778	0.0012549658	0	molecular_function
G1JSI4	AF-G1JSI4-F1-model_v6	GO:0016779	6.7095847e-05	0	molecular_function
G1JSI4	AF-G1JSI4-F1-model_v6	GO:0016781	1.2033924e-05	0	molecular_function
G1JSI4	AF-G1JSI4-F1-model_v6	GO:0016782	0.0012911981	0	molecular_function
G1JSI4	AF-G1JSI4-F1-model_v6	GO:0016783	0.00062716549	0	molecular_function
G1JSI4	AF-G1JSI4-F1-model_v6	GO:0016787	0.0004497435	0	molecular_function
G1JSI4	AF-G1JSI4-F1-model_v6	GO:0016788	9.4764131e-05	0	molecular_function
G1JSI4	AF-G1JSI4-F1-model_v6	GO:0016791	3.2699634e-05	0	molecular_function
G1JSI4	AF-G1JSI4-F1-model_v6	GO:0016794	0.0001185928	0	molecular_function
G1JSI4	AF-G1JSI4-F1-model_v6	GO:0016798	0.0002450051	0	molecular_function
G1JSI4	AF-G1JSI4-F1-model_v6	GO:0016799	4.9052884e-05	0	molecular_function
G1JSI4	AF-G1JSI4-F1-model_v6	GO:0016810	2.1154641e-05	0	molecular_function
G1JSI4	AF-G1JSI4-F1-model_v6	GO:0016811	2.0134843e-05	0	molecular_function
G1JSI4	AF-G1JSI4-F1-model_v6	GO:0016813	5.1397969e-06	0	molecular_function
G1JSI4	AF-G1JSI4-F1-model_v6	GO:0016814	7.8654475e-06	0	molecular_function
G1JSI4	AF-G1JSI4-F1-model_v6	GO:0016815	7.1967747e-06	0	molecular_function
G1JSI4	AF-G1JSI4-F1-model_v6	GO:0016817	0.00064591126	0	molecular_function
G1JSI4	AF-G1JSI4-F1-model_v6	GO:0016818	0.00053305324	0	molecular_function
G1JSI4	AF-G1JSI4-F1-model_v6	GO:0016822	6.0380076e-05	0	molecular_function
G1JSI4	AF-G1JSI4-F1-model_v6	GO:0016823	6.7361056e-05	0	molecular_function
G1JSI4	AF-G1JSI4-F1-model_v6	GO:0016829	0.0098366067	0	molecular_function
G1JSI4	AF-G1JSI4-F1-model_v6	GO:0016830	0.0016225176	0	molecular_function
G1JSI4	AF-G1JSI4-F1-model_v6	GO:0016831	7.53899e-05	0	molecular_function
G1JSI4	AF-G1JSI4-F1-model_v6	GO:0016832	0.0026884764	0	molecular_function
G1JSI4	AF-G1JSI4-F1-model_v6	GO:0016833	5.9645765e-05	0	molecular_function
G1JSI4	AF-G1JSI4-F1-model_v6	GO:0016835	0.060029265	0	molecular_function
G1JSI4	AF-G1JSI4-F1-model_v6	GO:0016836	0.00014552462	0	molecular_function
G1JSI4	AF-G1JSI4-F1-model_v6	GO:0016837	0.00017671885	0	molecular_function
G1JSI4	AF-G1JSI4-F1-model_v6	GO:0016838	0.091147214	0	molecular_function
G1JSI4	AF-G1JSI4-F1-model_v6	GO:0016840	8.9710293e-06	0	molecular_function
G1JSI4	AF-G1JSI4-F1-model_v6	GO:0016841	2.5155721e-05	0	molecular_function
G1JSI4	AF-G1JSI4-F1-model_v6	GO:0016843	5.6944456e-05	0	molecular_function
G1JSI4	AF-G1JSI4-F1-model_v6	GO:0016844	1.3815828e-05	0	molecular_function
G1JSI4	AF-G1JSI4-F1-model_v6	GO:0016846	0.00032846126	0	molecular_function
G1JSI4	AF-G1JSI4-F1-model_v6	GO:0016847	0.00012118788	0	molecular_function
G1JSI4	AF-G1JSI4-F1-model_v6	GO:0016849	8.4814601e-06	0	molecular_function
G1JSI4	AF-G1JSI4-F1-model_v6	GO:0016853	4.9577753e-05	0	molecular_function
G1JSI4	AF-G1JSI4-F1-model_v6	GO:0016854	1.8187546e-05	0	molecular_function
G1JSI4	AF-G1JSI4-F1-model_v6	GO:0016857	8.0871177e-06	0	molecular_function
G1JSI4	AF-G1JSI4-F1-model_v6	GO:0016859	0.00022162392	0	molecular_function
G1JSI4	AF-G1JSI4-F1-model_v6	GO:0016860	6.5277491e-06	0	molecular_function
G1JSI4	AF-G1JSI4-F1-model_v6	GO:0016861	4.9453461e-06	0	molecular_function
G1JSI4	AF-G1JSI4-F1-model_v6	GO:0016866	2.4118169e-06	0	molecular_function
G1JSI4	AF-G1JSI4-F1-model_v6	GO:0016869	1.6338674e-06	0	molecular_function
G1JSI4	AF-G1JSI4-F1-model_v6	GO:0016872	0.0018662179	0	molecular_function
G1JSI4	AF-G1JSI4-F1-model_v6	GO:0016874	5.0908561e-06	0	molecular_function
G1JSI4	AF-G1JSI4-F1-model_v6	GO:0016877	2.1888569e-05	0	molecular_function
G1JSI4	AF-G1JSI4-F1-model_v6	GO:0016878	2.2803573e-05	0	molecular_function
G1JSI4	AF-G1JSI4-F1-model_v6	GO:0016879	3.4336176e-06	0	molecular_function
G1JSI4	AF-G1JSI4-F1-model_v6	GO:0016880	2.5245943e-05	0	molecular_function
G1JSI4	AF-G1JSI4-F1-model_v6	GO:0016881	3.5637847e-06	0	molecular_function
G1JSI4	AF-G1JSI4-F1-model_v6	GO:0016882	1.0219518e-05	0	molecular_function
G1JSI4	AF-G1JSI4-F1-model_v6	GO:0016887	0.00048984395	0	molecular_function
G1JSI4	AF-G1JSI4-F1-model_v6	GO:0016891	1.3690219e-05	0	molecular_function
G1JSI4	AF-G1JSI4-F1-model_v6	GO:0016895	4.9045397e-05	0	molecular_function
G1JSI4	AF-G1JSI4-F1-model_v6	GO:0016896	0.00017717296	0	molecular_function
G1JSI4	AF-G1JSI4-F1-model_v6	GO:0016899	0.00070556439	0	molecular_function
G1JSI4	AF-G1JSI4-F1-model_v6	GO:0016903	0.00063731411	0	molecular_function
G1JSI4	AF-G1JSI4-F1-model_v6	GO:0016918	1.3741972e-05	0	molecular_function
G1JSI4	AF-G1JSI4-F1-model_v6	GO:0016984	1.7543569e-05	0	molecular_function
G1JSI4	AF-G1JSI4-F1-model_v6	GO:0017042	0.00016011937	0	molecular_function
G1JSI4	AF-G1JSI4-F1-model_v6	GO:0017064	1.5841646e-05	0	molecular_function
G1JSI4	AF-G1JSI4-F1-model_v6	GO:0017076	0.00075723679	0	molecular_function
G1JSI4	AF-G1JSI4-F1-model_v6	GO:0017103	7.572848e-05	0	molecular_function
G1JSI4	AF-G1JSI4-F1-model_v6	GO:0017110	0.00017010227	0	molecular_function
G1JSI4	AF-G1JSI4-F1-model_v6	GO:0017111	0.00030588984	0	molecular_function
G1JSI4	AF-G1JSI4-F1-model_v6	GO:0017171	1.2904036e-05	0	molecular_function
G1JSI4	AF-G1JSI4-F1-model_v6	GO:0017172	1.169055e-05	0	molecular_function
G1JSI4	AF-G1JSI4-F1-model_v6	GO:0018455	0.0008370002	0	molecular_function
G1JSI4	AF-G1JSI4-F1-model_v6	GO:0018708	5.8449554e-05	0	molecular_function
G1JSI4	AF-G1JSI4-F1-model_v6	GO:0018812	0.00021263634	0	molecular_function
G1JSI4	AF-G1JSI4-F1-model_v6	GO:0018822	7.589902e-06	0	molecular_function
G1JSI4	AF-G1JSI4-F1-model_v6	GO:0019001	0.00031591518	0	molecular_function
G1JSI4	AF-G1JSI4-F1-model_v6	GO:0019139	8.0716512e-07	0	molecular_function
G1JSI4	AF-G1JSI4-F1-model_v6	GO:0019144	0.00012699724	0	molecular_function
G1JSI4	AF-G1JSI4-F1-model_v6	GO:0019145	0.00036022172	0	molecular_function
G1JSI4	AF-G1JSI4-F1-model_v6	GO:0019150	6.8293848e-05	0	molecular_function
G1JSI4	AF-G1JSI4-F1-model_v6	GO:0019156	0.0001220562	0	molecular_function
G1JSI4	AF-G1JSI4-F1-model_v6	GO:0019172	8.3393707e-06	0	molecular_function
G1JSI4	AF-G1JSI4-F1-model_v6	GO:0019177	1.4765427e-05	0	molecular_function
G1JSI4	AF-G1JSI4-F1-model_v6	GO:0019200	7.3867463e-06	0	molecular_function
G1JSI4	AF-G1JSI4-F1-model_v6	GO:0019205	2.5148454e-05	0	molecular_function
G1JSI4	AF-G1JSI4-F1-model_v6	GO:0019207	1.4720831e-05	0	molecular_function
G1JSI4	AF-G1JSI4-F1-model_v6	GO:0019208	0.000460262	0	molecular_function
G1JSI4	AF-G1JSI4-F1-model_v6	GO:0019212	0.00014658364	0	molecular_function
G1JSI4	AF-G1JSI4-F1-model_v6	GO:0019239	1.6432043e-05	0	molecular_function
G1JSI4	AF-G1JSI4-F1-model_v6	GO:0019783	0.00047772541	0	molecular_function
G1JSI4	AF-G1JSI4-F1-model_v6	GO:0019787	0.0050718966	0	molecular_function
G1JSI4	AF-G1JSI4-F1-model_v6	GO:0019789	0.00021434629	0	molecular_function
G1JSI4	AF-G1JSI4-F1-model_v6	GO:0019825	0.00076661893	0	molecular_function
G1JSI4	AF-G1JSI4-F1-model_v6	GO:0019828	2.4686035e-05	0	molecular_function
G1JSI4	AF-G1JSI4-F1-model_v6	GO:0019829	0.00096612558	0	molecular_function
G1JSI4	AF-G1JSI4-F1-model_v6	GO:0019840	8.0752352e-06	0	molecular_function
G1JSI4	AF-G1JSI4-F1-model_v6	GO:0019842	4.7434405e-05	0	molecular_function
G1JSI4	AF-G1JSI4-F1-model_v6	GO:0019843	1.7123681e-05	0	molecular_function
G1JSI4	AF-G1JSI4-F1-model_v6	GO:0019862	0.00060621928	0	molecular_function
G1JSI4	AF-G1JSI4-F1-model_v6	GO:0019863	0.00021503259	0	molecular_function
G1JSI4	AF-G1JSI4-F1-model_v6	GO:0019865	0.0018713645	0	molecular_function
G1JSI4	AF-G1JSI4-F1-model_v6	GO:0019888	0.00052503037	0	molecular_function
G1JSI4	AF-G1JSI4-F1-model_v6	GO:0019899	1.3047214e-05	0	molecular_function
G1JSI4	AF-G1JSI4-F1-model_v6	GO:0019900	0.00011192542	0	molecular_function
G1JSI4	AF-G1JSI4-F1-model_v6	GO:0019901	0.00023604317	0	molecular_function
G1JSI4	AF-G1JSI4-F1-model_v6	GO:0019902	2.5237681e-05	0	molecular_function
G1JSI4	AF-G1JSI4-F1-model_v6	GO:0019903	5.8761776e-05	0	molecular_function
G1JSI4	AF-G1JSI4-F1-model_v6	GO:0019904	0.0017598373	0	molecular_function
G1JSI4	AF-G1JSI4-F1-model_v6	GO:0020037	0.054732431	0	molecular_function
G1JSI4	AF-G1JSI4-F1-model_v6	GO:0022803	0.058525231	0	molecular_function
G1JSI4	AF-G1JSI4-F1-model_v6	GO:0022804	0.0052639763	0	molecular_function
G1JSI4	AF-G1JSI4-F1-model_v6	GO:0022821	1.4116646e-05	0	molecular_function
G1JSI4	AF-G1JSI4-F1-model_v6	GO:0022829	0.0024660949	0	molecular_function
G1JSI4	AF-G1JSI4-F1-model_v6	GO:0022832	0.0070443698	0	molecular_function
G1JSI4	AF-G1JSI4-F1-model_v6	GO:0022834	0.00015163973	0	molecular_function
G1JSI4	AF-G1JSI4-F1-model_v6	GO:0022836	0.020094583	0	molecular_function
G1JSI4	AF-G1JSI4-F1-model_v6	GO:0022839	0.00024532009	0	molecular_function
G1JSI4	AF-G1JSI4-F1-model_v6	GO:0022843	0.00037521179	0	molecular_function
G1JSI4	AF-G1JSI4-F1-model_v6	GO:0022853	0.00010710772	0	molecular_function
G1JSI4	AF-G1JSI4-F1-model_v6	GO:0022857	0.0096091665	0	molecular_function
G1JSI4	AF-G1JSI4-F1-model_v6	GO:0022884	0.022920376	0	molecular_function
G1JSI4	AF-G1JSI4-F1-model_v6	GO:0030060	0.00030865934	0	molecular_function
G1JSI4	AF-G1JSI4-F1-model_v6	GO:0030145	0.00014372694	0	molecular_function
G1JSI4	AF-G1JSI4-F1-model_v6	GO:0030170	5.8314337e-05	0	molecular_function
G1JSI4	AF-G1JSI4-F1-model_v6	GO:0030234	0.00020929344	0	molecular_function
G1JSI4	AF-G1JSI4-F1-model_v6	GO:0030246	0.0013906051	0	molecular_function
G1JSI4	AF-G1JSI4-F1-model_v6	GO:0030247	8.7647451e-05	0	molecular_function
G1JSI4	AF-G1JSI4-F1-model_v6	GO:0030267	6.7491434e-05	0	molecular_function
G1JSI4	AF-G1JSI4-F1-model_v6	GO:0030395	4.7029494e-05	0	molecular_function
G1JSI4	AF-G1JSI4-F1-model_v6	GO:0030414	0.00011525137	0	molecular_function
G1JSI4	AF-G1JSI4-F1-model_v6	GO:0030554	0.0004629294	0	molecular_function
G1JSI4	AF-G1JSI4-F1-model_v6	GO:0030570	0.00012739764	0	molecular_function
G1JSI4	AF-G1JSI4-F1-model_v6	GO:0030597	8.3465267e-05	0	molecular_function
G1JSI4	AF-G1JSI4-F1-model_v6	GO:0030598	4.881839e-05	0	molecular_function
G1JSI4	AF-G1JSI4-F1-model_v6	GO:0030603	5.824722e-05	0	molecular_function
G1JSI4	AF-G1JSI4-F1-model_v6	GO:0030613	1.0609366e-05	0	molecular_function
G1JSI4	AF-G1JSI4-F1-model_v6	GO:0030614	1.1786559e-05	0	molecular_function
G1JSI4	AF-G1JSI4-F1-model_v6	GO:0030674	0.00012642931	0	molecular_function
G1JSI4	AF-G1JSI4-F1-model_v6	GO:0030695	0.00072625559	0	molecular_function
G1JSI4	AF-G1JSI4-F1-model_v6	GO:0030746	1.4595396e-05	0	molecular_function
G1JSI4	AF-G1JSI4-F1-model_v6	GO:0030749	0.0025422792	0	molecular_function
G1JSI4	AF-G1JSI4-F1-model_v6	GO:0030751	1.2340717e-05	0	molecular_function
G1JSI4	AF-G1JSI4-F1-model_v6	GO:0030762	1.3871586e-05	0	molecular_function
G1JSI4	AF-G1JSI4-F1-model_v6	GO:0030777	1.1900166e-05	0	molecular_function
G1JSI4	AF-G1JSI4-F1-model_v6	GO:0030786	1.2848861e-05	0	molecular_function
G1JSI4	AF-G1JSI4-F1-model_v6	GO:0030955	0.0004626695	0	molecular_function
G1JSI4	AF-G1JSI4-F1-model_v6	GO:0030957	1.0374484e-05	0	molecular_function
G1JSI4	AF-G1JSI4-F1-model_v6	GO:0031071	0.00075025955	0	molecular_function
G1JSI4	AF-G1JSI4-F1-model_v6	GO:0031072	3.5428595e-05	0	molecular_function
G1JSI4	AF-G1JSI4-F1-model_v6	GO:0031386	3.7208592e-05	0	molecular_function
G1JSI4	AF-G1JSI4-F1-model_v6	GO:0031402	0.0011203859	0	molecular_function
G1JSI4	AF-G1JSI4-F1-model_v6	GO:0031404	1.2002759e-05	0	molecular_function
G1JSI4	AF-G1JSI4-F1-model_v6	GO:0031406	1.4205959e-06	0	molecular_function
G1JSI4	AF-G1JSI4-F1-model_v6	GO:0031409	0.00052562059	0	molecular_function
G1JSI4	AF-G1JSI4-F1-model_v6	GO:0031418	1.6898759e-05	0	molecular_function
G1JSI4	AF-G1JSI4-F1-model_v6	GO:0031420	0.00048760252	0	molecular_function
G1JSI4	AF-G1JSI4-F1-model_v6	GO:0031516	0.0028693893	0	molecular_function
G1JSI4	AF-G1JSI4-F1-model_v6	GO:0031517	0.0040630992	0	molecular_function
G1JSI4	AF-G1JSI4-F1-model_v6	GO:0031996	0.000219125	0	molecular_function
G1JSI4	AF-G1JSI4-F1-model_v6	GO:0032182	0.00032919177	0	molecular_function
G1JSI4	AF-G1JSI4-F1-model_v6	GO:0032183	0.00018481193	0	molecular_function
G1JSI4	AF-G1JSI4-F1-model_v6	GO:0032440	0.00018980949	0	molecular_function
G1JSI4	AF-G1JSI4-F1-model_v6	GO:0032553	0.00018211771	0	molecular_function
G1JSI4	AF-G1JSI4-F1-model_v6	GO:0032555	1.3534008e-05	0	molecular_function
G1JSI4	AF-G1JSI4-F1-model_v6	GO:0032559	8.2874194e-06	0	molecular_function
G1JSI4	AF-G1JSI4-F1-model_v6	GO:0032561	0.0002779908	0	molecular_function
G1JSI4	AF-G1JSI4-F1-model_v6	GO:0032942	0.00037054488	0	molecular_function
G1JSI4	AF-G1JSI4-F1-model_v6	GO:0033219	0.00025297786	0	molecular_function
G1JSI4	AF-G1JSI4-F1-model_v6	GO:0033293	7.1715413e-06	0	molecular_function
G1JSI4	AF-G1JSI4-F1-model_v6	GO:0033549	6.6480359e-05	0	molecular_function
G1JSI4	AF-G1JSI4-F1-model_v6	GO:0033550	7.8546764e-05	0	molecular_function
G1JSI4	AF-G1JSI4-F1-model_v6	GO:0033612	0.087931089	0	molecular_function
G1JSI4	AF-G1JSI4-F1-model_v6	GO:0033719	5.7261845e-05	0	molecular_function
G1JSI4	AF-G1JSI4-F1-model_v6	GO:0033720	8.9093781e-05	0	molecular_function
G1JSI4	AF-G1JSI4-F1-model_v6	GO:0033729	4.9285929e-05	0	molecular_function
G1JSI4	AF-G1JSI4-F1-model_v6	GO:0033800	1.2935992e-05	0	molecular_function
G1JSI4	AF-G1JSI4-F1-model_v6	GO:0033802	1.4096916e-05	0	molecular_function
G1JSI4	AF-G1JSI4-F1-model_v6	GO:0033843	0.00011939656	0	molecular_function
G1JSI4	AF-G1JSI4-F1-model_v6	GO:0033853	1.943005e-05	0	molecular_function
G1JSI4	AF-G1JSI4-F1-model_v6	GO:0033854	1.8198776e-05	0	molecular_function
G1JSI4	AF-G1JSI4-F1-model_v6	GO:0033897	1.1991518e-05	0	molecular_function
G1JSI4	AF-G1JSI4-F1-model_v6	GO:0033907	1.2042344e-05	0	molecular_function
G1JSI4	AF-G1JSI4-F1-model_v6	GO:0034002	0.27117905	0	molecular_function
G1JSI4	AF-G1JSI4-F1-model_v6	GO:0034009	0.20544875	0	molecular_function
G1JSI4	AF-G1JSI4-F1-model_v6	GO:0034062	0.00013920492	0	molecular_function
G1JSI4	AF-G1JSI4-F1-model_v6	GO:0034212	0.00017548037	0	molecular_function
G1JSI4	AF-G1JSI4-F1-model_v6	GO:0034338	0.00012538121	0	molecular_function
G1JSI4	AF-G1JSI4-F1-model_v6	GO:0034722	0.00031707014	0	molecular_function
G1JSI4	AF-G1JSI4-F1-model_v6	GO:0035198	0.00787724	0	molecular_function
G1JSI4	AF-G1JSI4-F1-model_v6	GO:0035241	0.0001212084	0	molecular_function
G1JSI4	AF-G1JSI4-F1-model_v6	GO:0035242	7.5539414e-05	0	molecular_function
G1JSI4	AF-G1JSI4-F1-model_v6	GO:0035251	0.070622146	0	molecular_function
G1JSI4	AF-G1JSI4-F1-model_v6	GO:0035252	0.00013021844	0	molecular_function
G1JSI4	AF-G1JSI4-F1-model_v6	GO:0035299	0.00044039171	0	molecular_function
G1JSI4	AF-G1JSI4-F1-model_v6	GO:0035591	5.837189e-05	0	molecular_function
G1JSI4	AF-G1JSI4-F1-model_v6	GO:0035639	9.0217591e-06	0	molecular_function
G1JSI4	AF-G1JSI4-F1-model_v6	GO:0035671	0.014948526	0	molecular_function
G1JSI4	AF-G1JSI4-F1-model_v6	GO:0035798	0.00018446903	0	molecular_function
G1JSI4	AF-G1JSI4-F1-model_v6	GO:0035885	2.1876569e-05	0	molecular_function
G1JSI4	AF-G1JSI4-F1-model_v6	GO:0036094	0.018403893	0	molecular_function
G1JSI4	AF-G1JSI4-F1-model_v6	GO:0036440	1.8356628e-05	0	molecular_function
G1JSI4	AF-G1JSI4-F1-model_v6	GO:0036467	2.8074519e-05	0	molecular_function
G1JSI4	AF-G1JSI4-F1-model_v6	GO:0036469	5.5791443e-05	0	molecular_function
G1JSI4	AF-G1JSI4-F1-model_v6	GO:0038023	0.033405256	0	molecular_function
G1JSI4	AF-G1JSI4-F1-model_v6	GO:0038198	0.025736276	0	molecular_function
G1JSI4	AF-G1JSI4-F1-model_v6	GO:0042054	7.1309922e-05	0	molecular_function
G1JSI4	AF-G1JSI4-F1-model_v6	GO:0042277	0.10219175	0	molecular_function
G1JSI4	AF-G1JSI4-F1-model_v6	GO:0042285	0.00067503424	0	molecular_function
G1JSI4	AF-G1JSI4-F1-model_v6	GO:0042286	4.3265376e-05	0	molecular_function
G1JSI4	AF-G1JSI4-F1-model_v6	GO:0042349	9.1731845e-06	0	molecular_function
G1JSI4	AF-G1JSI4-F1-model_v6	GO:0042393	0.00035741171	0	molecular_function
G1JSI4	AF-G1JSI4-F1-model_v6	GO:0042562	0.00044282558	0	molecular_function
G1JSI4	AF-G1JSI4-F1-model_v6	GO:0042578	3.6638172e-05	0	molecular_function
G1JSI4	AF-G1JSI4-F1-model_v6	GO:0042626	0.017064838	0	molecular_function
G1JSI4	AF-G1JSI4-F1-model_v6	GO:0042802	0.078594007	0	molecular_function
G1JSI4	AF-G1JSI4-F1-model_v6	GO:0042803	0.028029382	0	molecular_function
G1JSI4	AF-G1JSI4-F1-model_v6	GO:0042947	0.0004494552	0	molecular_function
G1JSI4	AF-G1JSI4-F1-model_v6	GO:0042973	2.1894835e-05	0	molecular_function
G1JSI4	AF-G1JSI4-F1-model_v6	GO:0043021	6.5828412e-05	0	molecular_function
G1JSI4	AF-G1JSI4-F1-model_v6	GO:0043022	1.38919e-05	0	molecular_function
G1JSI4	AF-G1JSI4-F1-model_v6	GO:0043023	1.1603498e-05	0	molecular_function
G1JSI4	AF-G1JSI4-F1-model_v6	GO:0043167	0.030412842	0	molecular_function
G1JSI4	AF-G1JSI4-F1-model_v6	GO:0043168	0.0025726473	0	molecular_function
G1JSI4	AF-G1JSI4-F1-model_v6	GO:0043169	0.0020103161	0	molecular_function
G1JSI4	AF-G1JSI4-F1-model_v6	GO:0043177	1.2044318e-06	0	molecular_function
G1JSI4	AF-G1JSI4-F1-model_v6	GO:0043178	0.0049612843	0	molecular_function
G1JSI4	AF-G1JSI4-F1-model_v6	GO:0043295	1.0914896e-05	0	molecular_function
G1JSI4	AF-G1JSI4-F1-model_v6	GO:0043424	0.00015783687	0	molecular_function
G1JSI4	AF-G1JSI4-F1-model_v6	GO:0043531	7.2029019e-05	0	molecular_function
G1JSI4	AF-G1JSI4-F1-model_v6	GO:0043565	0.001792116	0	molecular_function
G1JSI4	AF-G1JSI4-F1-model_v6	GO:0043722	0.00012616397	0	molecular_function
G1JSI4	AF-G1JSI4-F1-model_v6	GO:0043765	0.00012325931	0	molecular_function
G1JSI4	AF-G1JSI4-F1-model_v6	GO:0043855	3.4929264e-05	0	molecular_function
G1JSI4	AF-G1JSI4-F1-model_v6	GO:0043891	0.00012343765	0	molecular_function
G1JSI4	AF-G1JSI4-F1-model_v6	GO:0044020	0.00011462512	0	molecular_function
G1JSI4	AF-G1JSI4-F1-model_v6	GO:0044183	0.0002279046	0	molecular_function
G1JSI4	AF-G1JSI4-F1-model_v6	GO:0044325	4.9657585e-05	0	molecular_function
G1JSI4	AF-G1JSI4-F1-model_v6	GO:0044373	0.00021294951	0	molecular_function
G1JSI4	AF-G1JSI4-F1-model_v6	GO:0044389	1.7165476e-05	0	molecular_function
G1JSI4	AF-G1JSI4-F1-model_v6	GO:0044620	1.7745257e-05	0	molecular_function
G1JSI4	AF-G1JSI4-F1-model_v6	GO:0044877	0.0030784961	0	molecular_function
G1JSI4	AF-G1JSI4-F1-model_v6	GO:0045174	7.4078607e-06	0	molecular_function
G1JSI4	AF-G1JSI4-F1-model_v6	GO:0045300	9.1094062e-06	0	molecular_function
G1JSI4	AF-G1JSI4-F1-model_v6	GO:0045430	0.00033495663	0	molecular_function
G1JSI4	AF-G1JSI4-F1-model_v6	GO:0045504	1.6221695e-05	0	molecular_function
G1JSI4	AF-G1JSI4-F1-model_v6	GO:0045543	4.8090977e-05	0	molecular_function
G1JSI4	AF-G1JSI4-F1-model_v6	GO:0045548	2.2277385e-05	0	molecular_function
G1JSI4	AF-G1JSI4-F1-model_v6	GO:0045551	0.0027106206	0	molecular_function
G1JSI4	AF-G1JSI4-F1-model_v6	GO:0045735	0.0012833601	0	molecular_function
G1JSI4	AF-G1JSI4-F1-model_v6	GO:0046522	1.1218009e-05	0	molecular_function
G1JSI4	AF-G1JSI4-F1-model_v6	GO:0046527	0.013100554	0	molecular_function
G1JSI4	AF-G1JSI4-F1-model_v6	GO:0046592	1.2332006e-05	0	molecular_function
G1JSI4	AF-G1JSI4-F1-model_v6	GO:0046593	0.0017128745	0	molecular_function
G1JSI4	AF-G1JSI4-F1-model_v6	GO:0046872	0.0023955784	0	molecular_function
G1JSI4	AF-G1JSI4-F1-model_v6	GO:0046873	0.00039596503	0	molecular_function
G1JSI4	AF-G1JSI4-F1-model_v6	GO:0046906	0.062459201	0	molecular_function
G1JSI4	AF-G1JSI4-F1-model_v6	GO:0046910	0.00016344784	0	molecular_function
G1JSI4	AF-G1JSI4-F1-model_v6	GO:0046912	1.4482874e-05	0	molecular_function
G1JSI4	AF-G1JSI4-F1-model_v6	GO:0046914	0.00011139351	0	molecular_function
G1JSI4	AF-G1JSI4-F1-model_v6	GO:0046915	0.0026793082	0	molecular_function
G1JSI4	AF-G1JSI4-F1-model_v6	GO:0046922	0.0003546591	0	molecular_function
G1JSI4	AF-G1JSI4-F1-model_v6	GO:0046943	0.00039642514	0	molecular_function
G1JSI4	AF-G1JSI4-F1-model_v6	GO:0046982	3.7110065e-05	0	molecular_function
G1JSI4	AF-G1JSI4-F1-model_v6	GO:0046983	0.02117477	0	molecular_function
G1JSI4	AF-G1JSI4-F1-model_v6	GO:0047036	0.00014135892	0	molecular_function
G1JSI4	AF-G1JSI4-F1-model_v6	GO:0047037	0.0036399947	0	molecular_function
G1JSI4	AF-G1JSI4-F1-model_v6	GO:0047105	0.00045171045	0	molecular_function
G1JSI4	AF-G1JSI4-F1-model_v6	GO:0047107	0.00095301442	0	molecular_function
G1JSI4	AF-G1JSI4-F1-model_v6	GO:0047165	0.00032897835	0	molecular_function
G1JSI4	AF-G1JSI4-F1-model_v6	GO:0047172	0.00030686249	0	molecular_function
G1JSI4	AF-G1JSI4-F1-model_v6	GO:0047181	0.00047768719	0	molecular_function
G1JSI4	AF-G1JSI4-F1-model_v6	GO:0047205	0.00021922645	0	molecular_function
G1JSI4	AF-G1JSI4-F1-model_v6	GO:0047213	0.00033429172	0	molecular_function
G1JSI4	AF-G1JSI4-F1-model_v6	GO:0047243	6.7515764e-05	0	molecular_function
G1JSI4	AF-G1JSI4-F1-model_v6	GO:0047312	0.00096271973	0	molecular_function
G1JSI4	AF-G1JSI4-F1-model_v6	GO:0047325	2.2613123e-05	0	molecular_function
G1JSI4	AF-G1JSI4-F1-model_v6	GO:0047364	0.0003476718	0	molecular_function
G1JSI4	AF-G1JSI4-F1-model_v6	GO:0047372	1.4209875e-05	0	molecular_function
G1JSI4	AF-G1JSI4-F1-model_v6	GO:0047412	1.7103355e-05	0	molecular_function
G1JSI4	AF-G1JSI4-F1-model_v6	GO:0047427	6.3667394e-06	0	molecular_function
G1JSI4	AF-G1JSI4-F1-model_v6	GO:0047429	1.053076e-05	0	molecular_function
G1JSI4	AF-G1JSI4-F1-model_v6	GO:0047500	9.1663402e-05	0	molecular_function
G1JSI4	AF-G1JSI4-F1-model_v6	GO:0047526	0.004537811	0	molecular_function
G1JSI4	AF-G1JSI4-F1-model_v6	GO:0047558	7.4193399e-06	0	molecular_function
G1JSI4	AF-G1JSI4-F1-model_v6	GO:0047594	0.0006023458	0	molecular_function
G1JSI4	AF-G1JSI4-F1-model_v6	GO:0047631	0.00014860147	0	molecular_function
G1JSI4	AF-G1JSI4-F1-model_v6	GO:0047632	0.00040825803	0	molecular_function
G1JSI4	AF-G1JSI4-F1-model_v6	GO:0047634	0.00021985665	0	molecular_function
G1JSI4	AF-G1JSI4-F1-model_v6	GO:0047635	0.00035782997	0	molecular_function
G1JSI4	AF-G1JSI4-F1-model_v6	GO:0047652	6.4807973e-05	0	molecular_function
G1JSI4	AF-G1JSI4-F1-model_v6	GO:0047654	1.4278589e-05	0	molecular_function
G1JSI4	AF-G1JSI4-F1-model_v6	GO:0047668	6.9345633e-06	0	molecular_function
G1JSI4	AF-G1JSI4-F1-model_v6	GO:0047701	1.7888558e-05	0	molecular_function
G1JSI4	AF-G1JSI4-F1-model_v6	GO:0047763	1.3830063e-05	0	molecular_function
G1JSI4	AF-G1JSI4-F1-model_v6	GO:0047776	5.8607257e-05	0	molecular_function
G1JSI4	AF-G1JSI4-F1-model_v6	GO:0047792	0.00066223991	0	molecular_function
G1JSI4	AF-G1JSI4-F1-model_v6	GO:0047804	0.00010261648	0	molecular_function
G1JSI4	AF-G1JSI4-F1-model_v6	GO:0047809	5.8027137e-05	0	molecular_function
G1JSI4	AF-G1JSI4-F1-model_v6	GO:0047863	1.4708501e-05	0	molecular_function
G1JSI4	AF-G1JSI4-F1-model_v6	GO:0047893	0.00074679463	0	molecular_function
G1JSI4	AF-G1JSI4-F1-model_v6	GO:0047918	3.1399522e-05	0	molecular_function
G1JSI4	AF-G1JSI4-F1-model_v6	GO:0047920	0.0013716205	0	molecular_function
G1JSI4	AF-G1JSI4-F1-model_v6	GO:0047926	0.00079379341	0	molecular_function
G1JSI4	AF-G1JSI4-F1-model_v6	GO:0047964	8.0817495e-05	0	molecular_function
G1JSI4	AF-G1JSI4-F1-model_v6	GO:0047995	0.00022714658	0	molecular_function
G1JSI4	AF-G1JSI4-F1-model_v6	GO:0047998	0.00031981358	0	molecular_function
G1JSI4	AF-G1JSI4-F1-model_v6	GO:0048029	0.00038543434	0	molecular_function
G1JSI4	AF-G1JSI4-F1-model_v6	GO:0048030	0.00028288751	0	molecular_function
G1JSI4	AF-G1JSI4-F1-model_v6	GO:0048040	2.7596954e-05	0	molecular_function
G1JSI4	AF-G1JSI4-F1-model_v6	GO:0048487	0.0015355212	0	molecular_function
G1JSI4	AF-G1JSI4-F1-model_v6	GO:0050018	1.7588643e-05	0	molecular_function
G1JSI4	AF-G1JSI4-F1-model_v6	GO:0050145	1.1668129e-05	0	molecular_function
G1JSI4	AF-G1JSI4-F1-model_v6	GO:0050162	9.8445416e-05	0	molecular_function
G1JSI4	AF-G1JSI4-F1-model_v6	GO:0050203	0.00010653352	0	molecular_function
G1JSI4	AF-G1JSI4-F1-model_v6	GO:0050224	1.1526012e-05	0	molecular_function
G1JSI4	AF-G1JSI4-F1-model_v6	GO:0050225	1.4165938e-05	0	molecular_function
G1JSI4	AF-G1JSI4-F1-model_v6	GO:0050242	1.5191302e-05	0	molecular_function
G1JSI4	AF-G1JSI4-F1-model_v6	GO:0050247	0.00010097087	0	molecular_function
G1JSI4	AF-G1JSI4-F1-model_v6	GO:0050266	0.00050276541	0	molecular_function
G1JSI4	AF-G1JSI4-F1-model_v6	GO:0050268	0.0033406899	0	molecular_function
G1JSI4	AF-G1JSI4-F1-model_v6	GO:0050281	7.0799702e-05	0	molecular_function
G1JSI4	AF-G1JSI4-F1-model_v6	GO:0050297	0.00089173712	0	molecular_function
G1JSI4	AF-G1JSI4-F1-model_v6	GO:0050311	3.6084868e-05	0	molecular_function
G1JSI4	AF-G1JSI4-F1-model_v6	GO:0050355	0.00053588202	0	molecular_function
G1JSI4	AF-G1JSI4-F1-model_v6	GO:0050356	1.1902815e-05	0	molecular_function
G1JSI4	AF-G1JSI4-F1-model_v6	GO:0050362	0.00079768908	0	molecular_function
G1JSI4	AF-G1JSI4-F1-model_v6	GO:0050403	0.032611653	0	molecular_function
G1JSI4	AF-G1JSI4-F1-model_v6	GO:0050422	0.00021542846	0	molecular_function
G1JSI4	AF-G1JSI4-F1-model_v6	GO:0050486	3.0373316e-05	0	molecular_function
G1JSI4	AF-G1JSI4-F1-model_v6	GO:0050498	0.00032630534	0	molecular_function
G1JSI4	AF-G1JSI4-F1-model_v6	GO:0050502	0.022985747	0	molecular_function
G1JSI4	AF-G1JSI4-F1-model_v6	GO:0050506	8.1826605e-05	0	molecular_function
G1JSI4	AF-G1JSI4-F1-model_v6	GO:0050529	3.8799815e-05	0	molecular_function
G1JSI4	AF-G1JSI4-F1-model_v6	GO:0050550	0.045239892	0	molecular_function
G1JSI4	AF-G1JSI4-F1-model_v6	GO:0050551	0.040724624	0	molecular_function
G1JSI4	AF-G1JSI4-F1-model_v6	GO:0050559	1.0471918e-05	0	molecular_function
G1JSI4	AF-G1JSI4-F1-model_v6	GO:0050563	2.6601812e-05	0	molecular_function
G1JSI4	AF-G1JSI4-F1-model_v6	GO:0050636	0.00044735483	0	molecular_function
G1JSI4	AF-G1JSI4-F1-model_v6	GO:0050660	4.6654968e-05	0	molecular_function
G1JSI4	AF-G1JSI4-F1-model_v6	GO:0050661	0.0023484135	0	molecular_function
G1JSI4	AF-G1JSI4-F1-model_v6	GO:0050664	0.00035617471	0	molecular_function
G1JSI4	AF-G1JSI4-F1-model_v6	GO:0050734	0.0002429154	0	molecular_function
G1JSI4	AF-G1JSI4-F1-model_v6	GO:0050736	0.00038979572	0	molecular_function
G1JSI4	AF-G1JSI4-F1-model_v6	GO:0050737	0.00028936937	0	molecular_function
G1JSI4	AF-G1JSI4-F1-model_v6	GO:0050839	2.5576437e-05	0	molecular_function
G1JSI4	AF-G1JSI4-F1-model_v6	GO:0050897	4.9761047e-06	0	molecular_function
G1JSI4	AF-G1JSI4-F1-model_v6	GO:0051011	0.00317758	0	molecular_function
G1JSI4	AF-G1JSI4-F1-model_v6	GO:0051020	0.00027286491	0	molecular_function
G1JSI4	AF-G1JSI4-F1-model_v6	GO:0051087	7.4880452e-05	0	molecular_function
G1JSI4	AF-G1JSI4-F1-model_v6	GO:0051117	5.7950721e-05	0	molecular_function
G1JSI4	AF-G1JSI4-F1-model_v6	GO:0051119	8.772486e-05	0	molecular_function
G1JSI4	AF-G1JSI4-F1-model_v6	GO:0051139	5.9065194e-05	0	molecular_function
G1JSI4	AF-G1JSI4-F1-model_v6	GO:0051192	1.6001975e-05	0	molecular_function
G1JSI4	AF-G1JSI4-F1-model_v6	GO:0051213	0.0041949856	0	molecular_function
G1JSI4	AF-G1JSI4-F1-model_v6	GO:0051219	0.0001137885	0	molecular_function
G1JSI4	AF-G1JSI4-F1-model_v6	GO:0051287	0.00010859424	0	molecular_function
G1JSI4	AF-G1JSI4-F1-model_v6	GO:0051498	0.00039857859	0	molecular_function
G1JSI4	AF-G1JSI4-F1-model_v6	GO:0051536	0.00036783435	0	molecular_function
G1JSI4	AF-G1JSI4-F1-model_v6	GO:0051540	0.0003710642	0	molecular_function
G1JSI4	AF-G1JSI4-F1-model_v6	GO:0051748	7.3817406e-05	0	molecular_function
G1JSI4	AF-G1JSI4-F1-model_v6	GO:0051749	4.7219044e-05	0	molecular_function
G1JSI4	AF-G1JSI4-F1-model_v6	GO:0051765	0.00011396031	0	molecular_function
G1JSI4	AF-G1JSI4-F1-model_v6	GO:0051766	2.3901197e-05	0	molecular_function
G1JSI4	AF-G1JSI4-F1-model_v6	GO:0051879	3.4272776e-05	0	molecular_function
G1JSI4	AF-G1JSI4-F1-model_v6	GO:0051903	0.00015446675	0	molecular_function
G1JSI4	AF-G1JSI4-F1-model_v6	GO:0052579	0.0031125299	0	molecular_function
G1JSI4	AF-G1JSI4-F1-model_v6	GO:0052581	0.0021165479	0	molecular_function
G1JSI4	AF-G1JSI4-F1-model_v6	GO:0052592	5.2584033e-05	0	molecular_function
G1JSI4	AF-G1JSI4-F1-model_v6	GO:0052597	0.00057923194	0	molecular_function
G1JSI4	AF-G1JSI4-F1-model_v6	GO:0052622	0.00028043782	0	molecular_function
G1JSI4	AF-G1JSI4-F1-model_v6	GO:0052625	5.1003164e-05	0	molecular_function
G1JSI4	AF-G1JSI4-F1-model_v6	GO:0052626	6.520567e-05	0	molecular_function
G1JSI4	AF-G1JSI4-F1-model_v6	GO:0052627	6.2272935e-05	0	molecular_function
G1JSI4	AF-G1JSI4-F1-model_v6	GO:0052628	6.6481065e-05	0	molecular_function
G1JSI4	AF-G1JSI4-F1-model_v6	GO:0052639	0.00097946671	0	molecular_function
G1JSI4	AF-G1JSI4-F1-model_v6	GO:0052640	0.00094860897	0	molecular_function
G1JSI4	AF-G1JSI4-F1-model_v6	GO:0052641	0.0010316753	0	molecular_function
G1JSI4	AF-G1JSI4-F1-model_v6	GO:0052654	0.00040272632	0	molecular_function
G1JSI4	AF-G1JSI4-F1-model_v6	GO:0052681	1.4629457e-05	0	molecular_function
G1JSI4	AF-G1JSI4-F1-model_v6	GO:0052689	9.2186428e-06	0	molecular_function
G1JSI4	AF-G1JSI4-F1-model_v6	GO:0052692	0.00035196546	0	molecular_function
G1JSI4	AF-G1JSI4-F1-model_v6	GO:0052712	0.0013315721	0	molecular_function
G1JSI4	AF-G1JSI4-F1-model_v6	GO:0052713	0.0015657562	0	molecular_function
G1JSI4	AF-G1JSI4-F1-model_v6	GO:0052725	3.0412126e-05	0	molecular_function
G1JSI4	AF-G1JSI4-F1-model_v6	GO:0052726	3.6400128e-05	0	molecular_function
G1JSI4	AF-G1JSI4-F1-model_v6	GO:0052736	0.00051220291	0	molecular_function
G1JSI4	AF-G1JSI4-F1-model_v6	GO:0052745	1.6039368e-05	0	molecular_function
G1JSI4	AF-G1JSI4-F1-model_v6	GO:0052861	0.00050628954	0	molecular_function
G1JSI4	AF-G1JSI4-F1-model_v6	GO:0055056	9.9205019e-05	0	molecular_function
G1JSI4	AF-G1JSI4-F1-model_v6	GO:0060089	0.012701588	0	molecular_function
G1JSI4	AF-G1JSI4-F1-model_v6	GO:0060090	8.4934647e-05	0	molecular_function
G1JSI4	AF-G1JSI4-F1-model_v6	GO:0060589	0.0013241961	0	molecular_function
G1JSI4	AF-G1JSI4-F1-model_v6	GO:0061134	6.7970905e-05	0	molecular_function
G1JSI4	AF-G1JSI4-F1-model_v6	GO:0061135	5.9346577e-05	0	molecular_function
G1JSI4	AF-G1JSI4-F1-model_v6	GO:0061629	1.2966541e-05	0	molecular_function
G1JSI4	AF-G1JSI4-F1-model_v6	GO:0061630	0.001848561	0	molecular_function
G1JSI4	AF-G1JSI4-F1-model_v6	GO:0061631	5.8405683e-05	0	molecular_function
G1JSI4	AF-G1JSI4-F1-model_v6	GO:0061650	4.7745296e-05	0	molecular_function
G1JSI4	AF-G1JSI4-F1-model_v6	GO:0061659	0.0020521907	0	molecular_function
G1JSI4	AF-G1JSI4-F1-model_v6	GO:0061733	0.00014255701	0	molecular_function
G1JSI4	AF-G1JSI4-F1-model_v6	GO:0061783	0.00010451674	0	molecular_function
G1JSI4	AF-G1JSI4-F1-model_v6	GO:0061980	0.0039033536	0	molecular_function
G1JSI4	AF-G1JSI4-F1-model_v6	GO:0062045	0.00034338675	0	molecular_function
G1JSI4	AF-G1JSI4-F1-model_v6	GO:0062066	1.2443039e-05	0	molecular_function
G1JSI4	AF-G1JSI4-F1-model_v6	GO:0062067	1.4048969e-05	0	molecular_function
G1JSI4	AF-G1JSI4-F1-model_v6	GO:0062068	1.5168116e-05	0	molecular_function
G1JSI4	AF-G1JSI4-F1-model_v6	GO:0062154	6.4609798e-05	0	molecular_function
G1JSI4	AF-G1JSI4-F1-model_v6	GO:0062213	0.00019657041	0	molecular_function
G1JSI4	AF-G1JSI4-F1-model_v6	GO:0070012	1.2363288e-05	0	molecular_function
G1JSI4	AF-G1JSI4-F1-model_v6	GO:0070064	0.00019241663	0	molecular_function
G1JSI4	AF-G1JSI4-F1-model_v6	GO:0070279	8.5506043e-05	0	molecular_function
G1JSI4	AF-G1JSI4-F1-model_v6	GO:0070401	0.00022060762	0	molecular_function
G1JSI4	AF-G1JSI4-F1-model_v6	GO:0070402	0.0012734	0	molecular_function
G1JSI4	AF-G1JSI4-F1-model_v6	GO:0070403	0.00029344749	0	molecular_function
G1JSI4	AF-G1JSI4-F1-model_v6	GO:0070406	1.9145808e-05	0	molecular_function
G1JSI4	AF-G1JSI4-F1-model_v6	GO:0070492	0.00021875564	0	molecular_function
G1JSI4	AF-G1JSI4-F1-model_v6	GO:0070566	1.9377876e-05	0	molecular_function
G1JSI4	AF-G1JSI4-F1-model_v6	GO:0070568	3.0497631e-05	0	molecular_function
G1JSI4	AF-G1JSI4-F1-model_v6	GO:0070569	7.0338079e-05	0	molecular_function
G1JSI4	AF-G1JSI4-F1-model_v6	GO:0070728	1.2135626e-05	0	molecular_function
G1JSI4	AF-G1JSI4-F1-model_v6	GO:0070840	1.5042143e-05	0	molecular_function
G1JSI4	AF-G1JSI4-F1-model_v6	GO:0071522	2.3126918e-06	0	molecular_function
G1JSI4	AF-G1JSI4-F1-model_v6	GO:0071667	0.00014639062	0	molecular_function
G1JSI4	AF-G1JSI4-F1-model_v6	GO:0071949	5.7325069e-05	0	molecular_function
G1JSI4	AF-G1JSI4-F1-model_v6	GO:0072341	3.391226e-05	0	molecular_function
G1JSI4	AF-G1JSI4-F1-model_v6	GO:0080002	0.0012458584	0	molecular_function
G1JSI4	AF-G1JSI4-F1-model_v6	GO:0080007	0.00013386236	0	molecular_function
G1JSI4	AF-G1JSI4-F1-model_v6	GO:0080015	0.04241664	0	molecular_function
G1JSI4	AF-G1JSI4-F1-model_v6	GO:0080030	0.00025546577	0	molecular_function
G1JSI4	AF-G1JSI4-F1-model_v6	GO:0080031	0.00011974852	0	molecular_function
G1JSI4	AF-G1JSI4-F1-model_v6	GO:0080032	0.00033953806	0	molecular_function
G1JSI4	AF-G1JSI4-F1-model_v6	GO:0080041	0.00015031094	0	molecular_function
G1JSI4	AF-G1JSI4-F1-model_v6	GO:0080042	0.00016436428	0	molecular_function
G1JSI4	AF-G1JSI4-F1-model_v6	GO:0080049	0.00041967476	0	molecular_function
G1JSI4	AF-G1JSI4-F1-model_v6	GO:0080061	8.0938762e-06	0	molecular_function
G1JSI4	AF-G1JSI4-F1-model_v6	GO:0080072	0.0040669059	0	molecular_function
G1JSI4	AF-G1JSI4-F1-model_v6	GO:0080073	0.0016307777	0	molecular_function
G1JSI4	AF-G1JSI4-F1-model_v6	GO:0080074	0.0021809279	0	molecular_function
G1JSI4	AF-G1JSI4-F1-model_v6	GO:0080075	0.0015719425	0	molecular_function
G1JSI4	AF-G1JSI4-F1-model_v6	GO:0080079	1.6387226e-05	0	molecular_function
G1JSI4	AF-G1JSI4-F1-model_v6	GO:0080083	1.1788906e-05	0	molecular_function
G1JSI4	AF-G1JSI4-F1-model_v6	GO:0080089	0.0030472579	0	molecular_function
G1JSI4	AF-G1JSI4-F1-model_v6	GO:0080097	0.00067578733	0	molecular_function
G1JSI4	AF-G1JSI4-F1-model_v6	GO:0080098	0.00056254602	0	molecular_function
G1JSI4	AF-G1JSI4-F1-model_v6	GO:0080099	0.00052728393	0	molecular_function
G1JSI4	AF-G1JSI4-F1-model_v6	GO:0080118	0.00067529612	0	molecular_function
G1JSI4	AF-G1JSI4-F1-model_v6	GO:0080123	9.8529999e-06	0	molecular_function
G1JSI4	AF-G1JSI4-F1-model_v6	GO:0080130	0.00068729464	0	molecular_function
G1JSI4	AF-G1JSI4-F1-model_v6	GO:0080139	1.4959992e-05	0	molecular_function
G1JSI4	AF-G1JSI4-F1-model_v6	GO:0080161	5.6613611e-05	0	molecular_function
G1JSI4	AF-G1JSI4-F1-model_v6	GO:0090415	5.2386116e-05	0	molecular_function
G1JSI4	AF-G1JSI4-F1-model_v6	GO:0090448	0.00051819551	0	molecular_function
G1JSI4	AF-G1JSI4-F1-model_v6	GO:0090599	0.00012765144	0	molecular_function
G1JSI4	AF-G1JSI4-F1-model_v6	GO:0090704	0.00095017639	0	molecular_function
G1JSI4	AF-G1JSI4-F1-model_v6	GO:0097177	1.4205841e-05	0	molecular_function
G1JSI4	AF-G1JSI4-F1-model_v6	GO:0097243	0.0022985376	0	molecular_function
G1JSI4	AF-G1JSI4-F1-model_v6	GO:0097367	0.0013437491	0	molecular_function
G1JSI4	AF-G1JSI4-F1-model_v6	GO:0097599	0.00067076518	0	molecular_function
G1JSI4	AF-G1JSI4-F1-model_v6	GO:0097655	0.00209292	0	molecular_function
G1JSI4	AF-G1JSI4-F1-model_v6	GO:0097747	0.00013418254	0	molecular_function
G1JSI4	AF-G1JSI4-F1-model_v6	GO:0098772	0.00014234414	0	molecular_function
G1JSI4	AF-G1JSI4-F1-model_v6	GO:0099094	0.00011592744	0	molecular_function
G1JSI4	AF-G1JSI4-F1-model_v6	GO:0099106	5.108384e-05	0	molecular_function
G1JSI4	AF-G1JSI4-F1-model_v6	GO:0101005	0.00031280756	0	molecular_function
G1JSI4	AF-G1JSI4-F1-model_v6	GO:0102193	0.00038138876	0	molecular_function
G1JSI4	AF-G1JSI4-F1-model_v6	GO:0102201	0.0001026625	0	molecular_function
G1JSI4	AF-G1JSI4-F1-model_v6	GO:0102215	6.9050388e-05	0	molecular_function
G1JSI4	AF-G1JSI4-F1-model_v6	GO:0102244	0.00065482402	0	molecular_function
G1JSI4	AF-G1JSI4-F1-model_v6	GO:0102299	0.00045825471	0	molecular_function
G1JSI4	AF-G1JSI4-F1-model_v6	GO:0102313	0.037880909	0	molecular_function
G1JSI4	AF-G1JSI4-F1-model_v6	GO:0102380	0.052416977	0	molecular_function
G1JSI4	AF-G1JSI4-F1-model_v6	GO:0102381	0.077362418	0	molecular_function
G1JSI4	AF-G1JSI4-F1-model_v6	GO:0102672	0.0011851958	0	molecular_function
G1JSI4	AF-G1JSI4-F1-model_v6	GO:0102682	0.00036031703	0	molecular_function
G1JSI4	AF-G1JSI4-F1-model_v6	GO:0102698	5.7909259e-05	0	molecular_function
G1JSI4	AF-G1JSI4-F1-model_v6	GO:0102703	0.0012699405	0	molecular_function
G1JSI4	AF-G1JSI4-F1-model_v6	GO:0102726	0.00061252899	0	molecular_function
G1JSI4	AF-G1JSI4-F1-model_v6	GO:0102731	0.00035437092	0	molecular_function
G1JSI4	AF-G1JSI4-F1-model_v6	GO:0102732	8.0907332e-05	0	molecular_function
G1JSI4	AF-G1JSI4-F1-model_v6	GO:0102735	0.00024667557	0	molecular_function
G1JSI4	AF-G1JSI4-F1-model_v6	GO:0102741	0.0077836844	0	molecular_function
G1JSI4	AF-G1JSI4-F1-model_v6	GO:0102765	2.0757658e-05	0	molecular_function
G1JSI4	AF-G1JSI4-F1-model_v6	GO:0102802	0.00077156757	0	molecular_function
G1JSI4	AF-G1JSI4-F1-model_v6	GO:0102903	0.1446667	0	molecular_function
G1JSI4	AF-G1JSI4-F1-model_v6	GO:0106286	3.1857315e-05	0	molecular_function
G1JSI4	AF-G1JSI4-F1-model_v6	GO:0106290	3.913034e-05	0	molecular_function
G1JSI4	AF-G1JSI4-F1-model_v6	GO:0106310	1.8128165e-05	0	molecular_function
G1JSI4	AF-G1JSI4-F1-model_v6	GO:0106321	0.00016622913	0	molecular_function
G1JSI4	AF-G1JSI4-F1-model_v6	GO:0106322	7.0666538e-05	0	molecular_function
G1JSI4	AF-G1JSI4-F1-model_v6	GO:0106345	4.848895e-05	0	molecular_function
G1JSI4	AF-G1JSI4-F1-model_v6	GO:0106346	3.0975174e-05	0	molecular_function
G1JSI4	AF-G1JSI4-F1-model_v6	GO:0106372	0.00029476095	0	molecular_function
G1JSI4	AF-G1JSI4-F1-model_v6	GO:0106425	0.0024738719	0	molecular_function
G1JSI4	AF-G1JSI4-F1-model_v6	GO:0106435	3.0294124e-05	0	molecular_function
G1JSI4	AF-G1JSI4-F1-model_v6	GO:0120013	3.3116125e-05	0	molecular_function
G1JSI4	AF-G1JSI4-F1-model_v6	GO:0120014	4.2388725e-05	0	molecular_function
G1JSI4	AF-G1JSI4-F1-model_v6	GO:0120016	8.4925909e-05	0	molecular_function
G1JSI4	AF-G1JSI4-F1-model_v6	GO:0120091	0.00065492553	0	molecular_function
G1JSI4	AF-G1JSI4-F1-model_v6	GO:0120204	1.2618989e-05	0	molecular_function
G1JSI4	AF-G1JSI4-F1-model_v6	GO:0120509	6.0924325e-05	0	molecular_function
G1JSI4	AF-G1JSI4-F1-model_v6	GO:0120514	0.0013325087	0	molecular_function
G1JSI4	AF-G1JSI4-F1-model_v6	GO:0120517	0.00027347452	0	molecular_function
G1JSI4	AF-G1JSI4-F1-model_v6	GO:0120527	0.00097996532	0	molecular_function
G1JSI4	AF-G1JSI4-F1-model_v6	GO:0120529	0.00021500734	0	molecular_function
G1JSI4	AF-G1JSI4-F1-model_v6	GO:0120531	1.4546829e-05	0	molecular_function
G1JSI4	AF-G1JSI4-F1-model_v6	GO:0120533	0.00011325589	0	molecular_function
G1JSI4	AF-G1JSI4-F1-model_v6	GO:0120542	0.00029067314	0	molecular_function
G1JSI4	AF-G1JSI4-F1-model_v6	GO:0120543	1.216548e-05	0	molecular_function
G1JSI4	AF-G1JSI4-F1-model_v6	GO:0120544	1.1716085e-05	0	molecular_function
G1JSI4	AF-G1JSI4-F1-model_v6	GO:0120546	0.028700417	0	molecular_function
G1JSI4	AF-G1JSI4-F1-model_v6	GO:0120569	0.00060168834	0	molecular_function
G1JSI4	AF-G1JSI4-F1-model_v6	GO:0120570	0.0010525843	0	molecular_function
G1JSI4	AF-G1JSI4-F1-model_v6	GO:0140002	4.9492923e-05	0	molecular_function
G1JSI4	AF-G1JSI4-F1-model_v6	GO:0140006	4.921182e-05	0	molecular_function
G1JSI4	AF-G1JSI4-F1-model_v6	GO:0140096	0.0033927863	0	molecular_function
G1JSI4	AF-G1JSI4-F1-model_v6	GO:0140097	0.00071364443	0	molecular_function
G1JSI4	AF-G1JSI4-F1-model_v6	GO:0140098	0.00020508608	0	molecular_function
G1JSI4	AF-G1JSI4-F1-model_v6	GO:0140101	1.2703279e-05	0	molecular_function
G1JSI4	AF-G1JSI4-F1-model_v6	GO:0140102	4.5500958e-05	0	molecular_function
G1JSI4	AF-G1JSI4-F1-model_v6	GO:0140104	4.127331e-05	0	molecular_function
G1JSI4	AF-G1JSI4-F1-model_v6	GO:0140110	0.00050289923	0	molecular_function
G1JSI4	AF-G1JSI4-F1-model_v6	GO:0140175	6.3321582e-05	0	molecular_function
G1JSI4	AF-G1JSI4-F1-model_v6	GO:0140186	0.00016694282	0	molecular_function
G1JSI4	AF-G1JSI4-F1-model_v6	GO:0140297	1.1924235e-05	0	molecular_function
G1JSI4	AF-G1JSI4-F1-model_v6	GO:0140313	0.00040765465	0	molecular_function
G1JSI4	AF-G1JSI4-F1-model_v6	GO:0140318	0.013518713	0	molecular_function
G1JSI4	AF-G1JSI4-F1-model_v6	GO:0140322	1.1333836e-05	0	molecular_function
G1JSI4	AF-G1JSI4-F1-model_v6	GO:0140338	6.4568252e-05	0	molecular_function
G1JSI4	AF-G1JSI4-F1-model_v6	GO:0140358	0.00069208111	0	molecular_function
G1JSI4	AF-G1JSI4-F1-model_v6	GO:0140359	0.00014530982	0	molecular_function
G1JSI4	AF-G1JSI4-F1-model_v6	GO:0140378	0.00011228836	0	molecular_function
G1JSI4	AF-G1JSI4-F1-model_v6	GO:0140385	0.0002923448	0	molecular_function
G1JSI4	AF-G1JSI4-F1-model_v6	GO:0140414	1.1312569e-05	0	molecular_function
G1JSI4	AF-G1JSI4-F1-model_v6	GO:0140463	4.2282085e-05	0	molecular_function
G1JSI4	AF-G1JSI4-F1-model_v6	GO:0140566	4.0165283e-05	0	molecular_function
G1JSI4	AF-G1JSI4-F1-model_v6	GO:0140581	0.0015225401	0	molecular_function
G1JSI4	AF-G1JSI4-F1-model_v6	GO:0140640	0.00075964705	0	molecular_function
G1JSI4	AF-G1JSI4-F1-model_v6	GO:0140657	0.0082092611	0	molecular_function
G1JSI4	AF-G1JSI4-F1-model_v6	GO:0140658	0.0016515298	0	molecular_function
G1JSI4	AF-G1JSI4-F1-model_v6	GO:0140677	0.00086866796	0	molecular_function
G1JSI4	AF-G1JSI4-F1-model_v6	GO:0140678	6.8414774e-05	0	molecular_function
G1JSI4	AF-G1JSI4-F1-model_v6	GO:0140693	0.00029325322	0	molecular_function
G1JSI4	AF-G1JSI4-F1-model_v6	GO:0140767	0.00010405692	0	molecular_function
G1JSI4	AF-G1JSI4-F1-model_v6	GO:0140825	0.0014216048	0	molecular_function
G1JSI4	AF-G1JSI4-F1-model_v6	GO:0140828	5.8127684e-05	0	molecular_function
G1JSI4	AF-G1JSI4-F1-model_v6	GO:0140934	0.00050963298	0	molecular_function
G1JSI4	AF-G1JSI4-F1-model_v6	GO:0140936	0.00036613047	0	molecular_function
G1JSI4	AF-G1JSI4-F1-model_v6	GO:0140939	7.7221484e-05	0	molecular_function
G1JSI4	AF-G1JSI4-F1-model_v6	GO:0140978	1.5996256e-05	0	molecular_function
G1JSI4	AF-G1JSI4-F1-model_v6	GO:0140993	0.00050304638	0	molecular_function
G1JSI4	AF-G1JSI4-F1-model_v6	GO:0141047	3.2232481e-05	0	molecular_function
G1JSI4	AF-G1JSI4-F1-model_v6	GO:0141108	0.00012858537	0	molecular_function
G1JSI4	AF-G1JSI4-F1-model_v6	GO:0141165	0.00053269422	0	molecular_function
G1JSI4	AF-G1JSI4-F1-model_v6	GO:0160191	1.8407456e-05	0	molecular_function
G1JSI4	AF-G1JSI4-F1-model_v6	GO:0180030	0.00011106632	0	molecular_function
G1JSI4	AF-G1JSI4-F1-model_v6	GO:0180051	1.398483e-05	0	molecular_function
G1JSI4	AF-G1JSI4-F1-model_v6	GO:1900750	1.4123747e-05	0	molecular_function
G1JSI4	AF-G1JSI4-F1-model_v6	GO:1901149	6.4322276e-06	0	molecular_function
G1JSI4	AF-G1JSI4-F1-model_v6	GO:1901265	0.00028261379	0	molecular_function
G1JSI4	AF-G1JSI4-F1-model_v6	GO:1901363	0.0013615842	0	molecular_function
G1JSI4	AF-G1JSI4-F1-model_v6	GO:1901474	2.7146878e-05	0	molecular_function
G1JSI4	AF-G1JSI4-F1-model_v6	GO:1901505	0.00094388344	0	molecular_function
G1JSI4	AF-G1JSI4-F1-model_v6	GO:1901681	1.4640417e-05	0	molecular_function
G1JSI4	AF-G1JSI4-F1-model_v6	GO:1901682	0.00060889847	0	molecular_function
G1JSI4	AF-G1JSI4-F1-model_v6	GO:1901981	0.00020591701	0	molecular_function
G1JSI4	AF-G1JSI4-F1-model_v6	GO:1901982	0.0022945863	0	molecular_function
G1JSI4	AF-G1JSI4-F1-model_v6	GO:1902417	0.00052663399	0	molecular_function
G1JSI4	AF-G1JSI4-F1-model_v6	GO:1902936	0.00016000905	0	molecular_function
G1JSI4	AF-G1JSI4-F1-model_v6	GO:1904408	0.0003108276	0	molecular_function
G1JSI4	AF-G1JSI4-F1-model_v6	GO:1905172	7.7916637e-05	0	molecular_function
G1JSI4	AF-G1JSI4-F1-model_v6	GO:1990055	0.00062862475	0	molecular_function
G1JSI4	AF-G1JSI4-F1-model_v6	GO:1990135	0.00073841587	0	molecular_function
G1JSI4	AF-G1JSI4-F1-model_v6	GO:1990136	0.0043600891	0	molecular_function
G1JSI4	AF-G1JSI4-F1-model_v6	GO:1990188	0.0046234587	0	molecular_function
G1JSI4	AF-G1JSI4-F1-model_v6	GO:1990238	0.00010455558	0	molecular_function
G1JSI4	AF-G1JSI4-F1-model_v6	GO:1990538	0.0028687753	0	molecular_function
G1JSI4	AF-G1JSI4-F1-model_v6	GO:1990756	6.4197367e-05	0	molecular_function
G1JSI4	AF-G1JSI4-F1-model_v6	GO:1990825	1.092044e-05	0	molecular_function
G1JSI4	AF-G1JSI4-F1-model_v6	GO:1990837	0.00042176899	0	molecular_function
G1JSI4	AF-G1JSI4-F1-model_v6	GO:1990841	0.0048237038	0	molecular_function
G1JSI4	AF-G1JSI4-F1-model_v6	GO:2001147	0.00012092971	0	molecular_function
G1JSI4	AF-G1JSI4-F1-model_v6	GO:2001227	0.00013985581	0	molecular_function
G1JSI4	AF-G1JSI4-F1-model_v6	GO:7770068	0.0010900194	0	molecular_function
