trial,ontology,learning_rate,weight_decay,dropout,hidden_dim,batch_size,gradient_clip,patience,loss,focal_gamma,validation_micro_fmax,validation_macro_fmax,validation_micro_aupr,validation_macro_aupr,validation_micro_auroc,validation_macro_auroc,validation_smin
trial_000,biological_process,0.0024041997179610245,2.722568603233787e-06,0.0,256,16,1.0,8,BCE,,0.1720441519842242,0.2820330611298015,0.08671856680833513,0.1998049146041708,0.8756735378515788,0.736282204091428,48.71185176376401
trial_000,cellular_component,0.0024041997179610245,2.722568603233787e-06,0.0,256,16,1.0,8,BCE,,0.35307220079274815,0.36505259315061694,0.23411970667668575,0.2845154779674517,0.8224925831071158,0.6477612112042689,35.10932207984435
trial_000,molecular_function,0.0024041997179610245,2.722568603233787e-06,0.0,256,16,1.0,8,BCE,,0.19919087899918755,0.3273017289844762,0.10856920059744171,0.24987614854569615,0.8411276322081342,0.7153592533967736,31.31905143151574
trial_001,biological_process,0.0010296572653618581,5.735912773350473e-07,0.0,512,32,5.0,10,BCE,,0.233588401127223,0.24908371594262546,0.17896652228637186,0.16510751426992995,0.8652765551296466,0.7193991938107309,44.52508509805237
trial_001,cellular_component,0.0010296572653618581,5.735912773350473e-07,0.0,512,32,5.0,10,BCE,,0.4364723467857587,0.38636469219860897,0.3605927213890203,0.27292469419402454,0.8214288511413695,0.6968913671636744,30.50977954515205
trial_001,molecular_function,0.0010296572653618581,5.735912773350473e-07,0.0,512,32,5.0,10,BCE,,0.2912100722774219,0.33531068073809195,0.1794915457358632,0.26240358835695743,0.8430894648894125,0.7302106607030635,27.820550466235215
trial_002,biological_process,1.1378904677969076e-05,7.378908099113235e-05,0.0,128,32,0.5,9,BCE,,0.1156693399131712,0.16948762254691974,0.04671122217204629,0.10711439623500912,0.68153457547186,0.6312900077349511,48.26559944205758
trial_002,cellular_component,1.1378904677969076e-05,7.378908099113235e-05,0.0,128,32,0.5,9,BCE,,0.24051791343205747,0.26631226664090935,0.15005985787861278,0.1919360503756111,0.7016435219881024,0.5840655994792827,32.99846252374493
trial_002,molecular_function,1.1378904677969076e-05,7.378908099113235e-05,0.0,128,32,0.5,9,BCE,,0.12858181818136927,0.21207625251069254,0.08880220767095601,0.14584266363944173,0.767344612611403,0.6990378546953943,28.16484859534317
trial_003,biological_process,0.002823147511627795,0.00029423606866430316,0.4,512,64,0.5,10,BCE,,0.10586512947157659,0.23544209703925337,0.05950367164548698,0.15149487670344958,0.8604293689545994,0.7111409248378485,49.518895513185754
trial_003,cellular_component,0.002823147511627795,0.00029423606866430316,0.4,512,64,0.5,10,BCE,,0.34999003255983185,0.29764855669735674,0.2012092147397864,0.19762679791175683,0.7960105004135188,0.6224511544645539,35.570261782947185
trial_003,molecular_function,0.002823147511627795,0.00029423606866430316,0.4,512,64,0.5,10,BCE,,0.21615989390876444,0.34415655012079627,0.15362047316649324,0.2677558562015775,0.8158893006430491,0.7670411294842542,28.143673943742634
trial_004,biological_process,7.674123976937732e-05,0.005313431835380474,0.0,256,32,1.0,9,Focal,2.0,0.2898505360352265,0.25727606212908316,0.20978204269631257,0.18991920790413375,0.7898613756083657,0.6644023280693133,41.184734956522526
trial_004,cellular_component,7.674123976937732e-05,0.005313431835380474,0.0,256,32,1.0,9,Focal,2.0,0.4495319079345824,0.3434116182542849,0.3837061311076458,0.2521008889262684,0.787438879485877,0.6753365694595417,28.633115260205688
trial_004,molecular_function,7.674123976937732e-05,0.005313431835380474,0.0,256,32,1.0,9,Focal,2.0,0.4181669394430634,0.30999462455816656,0.31724954000434896,0.24852195732864782,0.7995395292267967,0.6794406375483927,23.69603725483898
trial_005,biological_process,0.0001529140641918095,0.0014692529747935225,0.4,128,16,0.5,9,BCE,,0.22092549871032297,0.24198559869993966,0.1585434127082514,0.16341680586320548,0.8505853562476404,0.6847590502403755,43.46124656456328
trial_005,cellular_component,0.0001529140641918095,0.0014692529747935225,0.4,128,16,0.5,9,BCE,,0.45568054428030613,0.3269778290702135,0.3989255422618897,0.23908585458950884,0.8170451218652413,0.6589215114941309,29.390912539105273
trial_005,molecular_function,0.0001529140641918095,0.0014692529747935225,0.4,128,16,0.5,9,BCE,,0.348461984909542,0.3159315049790714,0.28330611110124915,0.2545308572179898,0.8604565050003553,0.6900610001799963,25.136868254160554
trial_006,biological_process,2.5508785977760178e-05,0.003288256072873935,0.0,128,64,5.0,8,BCE,,0.12382350401478848,0.170273065254826,0.05034692945074423,0.1071663874680391,0.6777128676795013,0.6249201621495493,47.77430972848102
trial_006,cellular_component,2.5508785977760178e-05,0.003288256072873935,0.0,128,64,5.0,8,BCE,,0.23191196698714314,0.25321330975527795,0.14908968329982697,0.18143323945879275,0.7064557705599588,0.5817670473905231,33.33200833435397
trial_006,molecular_function,2.5508785977760178e-05,0.003288256072873935,0.0,128,64,5.0,8,BCE,,0.1624272142195456,0.2449209903039128,0.09075811016060306,0.17491336817173717,0.8000198710175681,0.7095698827736372,28.23097974225011
trial_007,biological_process,5.5116825889001555e-05,0.0006581590522567125,0.2,128,32,0.5,9,Focal,1.0,0.29625817834253565,0.26301902656620907,0.21631184065384787,0.19673218311225324,0.8368463670482943,0.7049957790222333,41.63341126653209
trial_007,cellular_component,5.5116825889001555e-05,0.0006581590522567125,0.2,128,32,0.5,9,Focal,1.0,0.2626516102044557,0.2739091484051873,0.16594817354290858,0.19278454480364493,0.731344016997884,0.6087011146804694,33.09409803526456
trial_007,molecular_function,5.5116825889001555e-05,0.0006581590522567125,0.2,128,32,0.5,9,Focal,1.0,0.2866225165558117,0.2953084311064702,0.21517734319296966,0.22185511051422857,0.8325781419172376,0.7161344594560108,26.344299279351027
trial_008,biological_process,0.00021912071790854395,0.004353115992599645,0.2,128,32,0.5,8,Focal,2.0,0.2597893599779026,0.2568296066707916,0.17863708924091184,0.18434905166375934,0.8351026826330694,0.6998512672411223,42.38712288147116
trial_008,cellular_component,0.00021912071790854395,0.004353115992599645,0.2,128,32,0.5,8,Focal,2.0,0.30808439254098857,0.30165728653147716,0.21069992115245872,0.2223744936171025,0.7860132974922788,0.6654241753514865,32.96371366797862
trial_008,molecular_function,0.00021912071790854395,0.004353115992599645,0.2,128,32,0.5,8,Focal,2.0,0.26757369614462817,0.31087486815720544,0.20776407568355817,0.2360401203193431,0.831058502124653,0.7174332815730164,27.0975931044004
trial_009,biological_process,0.0017270869909095407,4.137739106923979e-05,0.1,128,32,0.5,9,Focal,1.0,0.10702704880035095,0.2568667722131186,0.056880247100412076,0.1668620950346352,0.8364021393984784,0.7095769548564301,49.4162456145969
trial_009,cellular_component,0.0017270869909095407,4.137739106923979e-05,0.1,128,32,0.5,9,Focal,1.0,0.4318027441918901,0.36246321562737494,0.33011051124652724,0.25834480907682306,0.8250008653896688,0.6549261144038449,31.764635610005598
trial_009,molecular_function,0.0017270869909095407,4.137739106923979e-05,0.1,128,32,0.5,9,Focal,1.0,0.20734996628408606,0.2990916033369124,0.14635478670708002,0.21577659517890985,0.8576901016889007,0.7260708474486145,27.15333826355975
trial_010,biological_process,7.281839130793804e-05,0.003763327697269404,0.1,256,32,5.0,10,Focal,2.0,0.31276077885912246,0.264930472749294,0.2535914416990976,0.20420773582282922,0.8062480807640418,0.6398460423072454,39.91337921499643
trial_010,cellular_component,7.281839130793804e-05,0.003763327697269404,0.1,256,32,5.0,10,Focal,2.0,0.46571182336717126,0.36284554319974666,0.41486252879617336,0.2740654095654603,0.8054355630431531,0.6922025432615126,28.49380249141345
trial_010,molecular_function,7.281839130793804e-05,0.003763327697269404,0.1,256,32,5.0,10,Focal,2.0,0.40056928451238866,0.3407044629794999,0.29340038318647815,0.27535636543842074,0.7967201312426999,0.7045187468469524,24.391792455142188
trial_011,biological_process,0.0003377348785134729,8.266805481657407e-06,0.4,512,16,1.0,8,BCE,,0.29741261915532197,0.2838523027273993,0.24077241010541506,0.21966963802246617,0.8439978485669865,0.6832947045546165,40.2608275276887
trial_011,cellular_component,0.0003377348785134729,8.266805481657407e-06,0.4,512,16,1.0,8,BCE,,0.4503678789147835,0.33244693442368534,0.3958228302283585,0.24211346935867262,0.7954286233875002,0.6402371635868549,30.865905621115715
trial_011,molecular_function,0.0003377348785134729,8.266805481657407e-06,0.4,512,16,1.0,8,BCE,,0.329761904761408,0.3632111125695734,0.25896127911385536,0.29573647106845896,0.8215513921954093,0.7804773679256871,25.56063938863193
trial_012,biological_process,2.0587903331906216e-05,0.00019302681376769982,0.4,128,64,1.0,8,Focal,1.0,0.11300741143623845,0.1838370104788312,0.04855561539960439,0.1152445957486789,0.6963002865463286,0.6529051983019637,48.197009718664894
trial_012,cellular_component,2.0587903331906216e-05,0.00019302681376769982,0.4,128,64,1.0,8,Focal,1.0,0.24399502585200886,0.27101251279772665,0.14888402608665713,0.19163356959443667,0.7228767330456976,0.5978637084835229,33.54714262835696
trial_012,molecular_function,2.0587903331906216e-05,0.00019302681376769982,0.4,128,64,1.0,8,Focal,1.0,0.18591987553431832,0.25919171624158077,0.13065537467578364,0.18850464764899505,0.8413256731857495,0.7119228416741111,27.93410349916842
trial_013,biological_process,2.0306852485333567e-05,2.8063391884062294e-06,0.0,512,16,5.0,9,BCE,,0.3027160493822809,0.2812506676575718,0.23121242924262053,0.21629974773641766,0.8108143984828521,0.6888981577074205,40.25616485844009
trial_013,cellular_component,2.0306852485333567e-05,2.8063391884062294e-06,0.0,512,16,5.0,9,BCE,,0.4032803853651634,0.343570010751486,0.3224455391208675,0.2698492357204282,0.7292845385075395,0.6418422837630456,29.481012808293187
trial_013,molecular_function,2.0306852485333567e-05,2.8063391884062294e-06,0.0,512,16,5.0,9,BCE,,0.35093033318859584,0.34793467644407317,0.2888133663681299,0.28773364474935625,0.8191443180564661,0.7426279285705654,25.351617535191355
trial_014,biological_process,5.462490060476474e-05,1.0333998491320167e-07,0.2,512,32,5.0,10,Focal,1.0,0.3107841650230419,0.2895463354728342,0.245313290626212,0.22188439700125545,0.816514979980746,0.6890690754998746,39.578486369594714
trial_014,cellular_component,5.462490060476474e-05,1.0333998491320167e-07,0.2,512,32,5.0,10,Focal,1.0,0.46121649300867285,0.39267418058678466,0.3846963615624276,0.2904230770253833,0.7863919390657867,0.6737886802836989,28.470037016742292
trial_014,molecular_function,5.462490060476474e-05,1.0333998491320167e-07,0.2,512,32,5.0,10,Focal,1.0,0.3764229698957922,0.34949680283439927,0.30010026063270934,0.2890380974425773,0.7733695501202674,0.7118163064968007,24.564067408305903
trial_015,biological_process,0.00045131410564700424,0.00043748328296366727,0.2,512,32,5.0,9,BCE,,0.2315921963495236,0.28124810548475854,0.18405002413214366,0.20634124596960876,0.819520358271183,0.6722864063477688,42.70234734622417
trial_015,cellular_component,0.00045131410564700424,0.00043748328296366727,0.2,512,32,5.0,9,BCE,,0.3799850503446612,0.3339186981934822,0.28273945527450917,0.25749151134546483,0.7581824999274152,0.6475409411421204,32.042991515198366
trial_015,molecular_function,0.00045131410564700424,0.00043748328296366727,0.2,512,32,5.0,9,BCE,,0.34518577706702336,0.3369962768986264,0.2649116211673346,0.2736668542250982,0.7948507112084989,0.6867246864001845,25.286698001227908
trial_016,biological_process,0.0020990502637142747,0.0009508030792802778,0.0,512,16,0.5,10,Focal,1.0,0.14353085913430869,0.24067270783478809,0.07176251723127294,0.15536381850825845,0.8871503803265156,0.7142352239446057,48.32099356680549
trial_016,cellular_component,0.0020990502637142747,0.0009508030792802778,0.0,512,16,0.5,10,Focal,1.0,0.45126439109983313,0.3714585761708389,0.37668311440899865,0.28173755801863026,0.8842075487261281,0.6748528352815357,32.043162283377626
trial_016,molecular_function,0.0020990502637142747,0.0009508030792802778,0.0,512,16,0.5,10,Focal,1.0,0.23652048885644122,0.3305087118321582,0.1870084200422541,0.2573632040068156,0.865180279952174,0.8026812421144407,26.11902337836782
trial_017,biological_process,0.0026040317360329322,0.00021063082945376086,0.1,512,16,5.0,9,Focal,3.0,0.08923051559960203,0.22372638428418776,0.04030964039597745,0.15215976924957839,0.8662707449844755,0.6959283377782883,50.53437582545285
trial_017,cellular_component,0.0026040317360329322,0.00021063082945376086,0.1,512,16,5.0,9,Focal,3.0,0.35102627386001745,0.32891469586353506,0.22908006693405134,0.2603261781053926,0.8338714352836607,0.6403072550889916,34.58081275949027
trial_017,molecular_function,0.0026040317360329322,0.00021063082945376086,0.1,512,16,5.0,9,Focal,3.0,0.18784479161804438,0.3305364443302302,0.08965912588519165,0.2446430579974926,0.871206294076057,0.80592044581162,29.40415613260734
trial_018,biological_process,4.5335193486380115e-05,4.60584445727266e-05,0.4,256,64,0.5,10,BCE,,0.26120583582312146,0.2618980468028703,0.17937604532244417,0.19197405670909234,0.7944358896010416,0.6972863067408286,41.763601983826796
trial_018,cellular_component,4.5335193486380115e-05,4.60584445727266e-05,0.4,256,64,0.5,10,BCE,,0.34564202605679084,0.29120202007572293,0.24335973693918678,0.19732129004833465,0.7146025368424386,0.5943797078705227,32.04046968478969
trial_018,molecular_function,4.5335193486380115e-05,4.60584445727266e-05,0.4,256,64,0.5,10,BCE,,0.22448755891652292,0.3100472188608336,0.1650182263498035,0.22960356102776583,0.7870634117988584,0.7224037415120708,26.927573514598613
trial_019,biological_process,0.0004093933713250302,0.004459883829081874,0.0,256,32,1.0,8,BCE,,0.34534082812083644,0.28377640670887455,0.272419192064587,0.22500392884074363,0.7906492464196014,0.6748251419962441,38.81806437030312
trial_019,cellular_component,0.0004093933713250302,0.004459883829081874,0.0,256,32,1.0,8,BCE,,0.4223460624880814,0.337101249166618,0.3384679362193075,0.24987104935193985,0.758908270333629,0.6507301099934507,29.117720029236505
trial_019,molecular_function,0.0004093933713250302,0.004459883829081874,0.0,256,32,1.0,8,BCE,,0.3382755474447561,0.34128664833223044,0.2573607981545929,0.26611092305137296,0.7747976173972659,0.723945467674936,25.78657662793251
trial_020,biological_process,1.2237669553639244e-05,6.0261989029387036e-06,0.1,256,32,0.5,8,BCE,,0.12333005203157613,0.1969426755601322,0.05854078001109679,0.1267493809953849,0.680393807833813,0.6373671198718234,47.56354912081177
trial_020,cellular_component,1.2237669553639244e-05,6.0261989029387036e-06,0.1,256,32,0.5,8,BCE,,0.2908810541804967,0.25405214724980196,0.19862864968760974,0.17677675016973493,0.7143575381553962,0.5736909504084959,33.110070332369204
trial_020,molecular_function,1.2237669553639244e-05,6.0261989029387036e-06,0.1,256,32,0.5,8,BCE,,0.25738930419731576,0.28874620806055407,0.18760104616073348,0.20921221087186645,0.7588484799646147,0.7018181344274583,26.5212338271778
trial_021,biological_process,1.961154488169495e-05,0.00046102390178830383,0.0,512,64,0.5,9,BCE,,0.2664809656448499,0.264621927858363,0.17527474747671146,0.197735920052698,0.7591982482368267,0.6776508612336958,41.50943390910528
trial_021,cellular_component,1.961154488169495e-05,0.00046102390178830383,0.0,512,64,0.5,9,BCE,,0.3675353814285647,0.34067215961762626,0.26878397226917966,0.25971092625180536,0.6986946646761083,0.6575667439788813,30.45591177933768
trial_021,molecular_function,1.961154488169495e-05,0.00046102390178830383,0.0,512,64,0.5,9,BCE,,0.3399618632520475,0.3206237694591547,0.2478105791296986,0.2568389223688539,0.7694619826889855,0.7275924218161396,25.3985849702203
trial_022,biological_process,1.0397814970120562e-05,0.0009814110547408097,0.4,512,16,1.0,9,Focal,3.0,0.27050069756580825,0.2762571908485123,0.22071464255869097,0.20632604928104933,0.8549826328473279,0.6999036314931125,41.00080160075912
trial_022,cellular_component,1.0397814970120562e-05,0.0009814110547408097,0.4,512,16,1.0,9,Focal,3.0,0.4368362656517472,0.349679452967698,0.3211770468511533,0.2639654612718425,0.7788231682849498,0.6243321171213876,30.49683494525727
trial_022,molecular_function,1.0397814970120562e-05,0.0009814110547408097,0.4,512,16,1.0,9,Focal,3.0,0.2500319570492379,0.3219359158416416,0.18361127365816368,0.24580654289459108,0.7879126669139871,0.7487695638056501,27.238412652186046
trial_023,biological_process,2.7983416755271612e-05,1.0483363548287232e-07,0.1,512,32,0.5,9,Focal,2.0,0.2651879751686544,0.28766073193609765,0.19172867976682492,0.21361897550680564,0.7961386842262395,0.6737145866195339,42.07927574891727
trial_023,cellular_component,2.7983416755271612e-05,1.0483363548287232e-07,0.1,512,32,0.5,9,Focal,2.0,0.46136808927456635,0.3692967828703182,0.39535136196440146,0.2908116908023021,0.7906820929396883,0.6648149717412669,28.658316579328694
trial_023,molecular_function,2.7983416755271612e-05,1.0483363548287232e-07,0.1,512,32,0.5,9,Focal,2.0,0.37164234024236176,0.3322537720890563,0.29120155144803256,0.2724169843890857,0.8209421260706364,0.7085492699177507,24.85716970130229
trial_024,biological_process,0.00018917076075962986,4.10592490974411e-05,0.2,256,16,5.0,9,BCE,,0.27951548604676046,0.2774231738982547,0.2136305470582871,0.20860414844243308,0.8278696686880989,0.7060364415869081,41.602420481017454
trial_024,cellular_component,0.00018917076075962986,4.10592490974411e-05,0.2,256,16,5.0,9,BCE,,0.24498476383904993,0.30360585213855534,0.14448004538507841,0.21345877969097973,0.6951162364758028,0.6186477620369261,33.96566870873622
trial_024,molecular_function,0.00018917076075962986,4.10592490974411e-05,0.2,256,16,5.0,9,BCE,,0.34012597258194516,0.3452211025060042,0.2544095769013508,0.26919593539914294,0.8554937096343304,0.8119016480711366,25.050626303381637
trial_025,biological_process,2.0304839058310506e-05,0.0027176831523297723,0.4,128,32,0.5,8,BCE,,0.14303410686223067,0.18340113635691319,0.06937263460170814,0.12203623697201318,0.7014627064021923,0.6531316202603865,46.95609727208984
trial_025,cellular_component,2.0304839058310506e-05,0.0027176831523297723,0.4,128,32,0.5,8,BCE,,0.2676312319584636,0.2664722056500652,0.1671685038082954,0.18872720705437457,0.731066956398847,0.5784422426722878,33.126229518726966
trial_025,molecular_function,2.0304839058310506e-05,0.0027176831523297723,0.4,128,32,0.5,8,BCE,,0.2621687652691971,0.29915371348752196,0.19793065267196336,0.22244521611552517,0.8483872253351729,0.7399679984931763,27.374123470734972
trial_026,biological_process,0.00037450262123488637,0.003738314184453378,0.2,512,64,5.0,9,BCE,,0.27779153255712996,0.25685336434956724,0.20408381446896195,0.19844740807117175,0.8043313220625746,0.6535989904525424,41.43781422345066
trial_026,cellular_component,0.00037450262123488637,0.003738314184453378,0.2,512,64,5.0,9,BCE,,0.43572245670732695,0.373577253781265,0.35871398007786615,0.284299790494011,0.7688767624547815,0.693779538028348,28.978798859476438
trial_026,molecular_function,0.00037450262123488637,0.003738314184453378,0.2,512,64,5.0,9,BCE,,0.38434579439202515,0.3364655628284278,0.30648789635330065,0.27081436080179777,0.7809246397574308,0.6898719933699744,24.836867508257555
trial_027,biological_process,3.072078384147174e-05,1.5170354684755e-06,0.0,256,64,1.0,9,Focal,1.0,0.2684110206199363,0.23668692247100884,0.18274209338419972,0.17590980140881574,0.7556771282044592,0.6343027407121111,41.528688078650546
trial_027,cellular_component,3.072078384147174e-05,1.5170354684755e-06,0.0,256,64,1.0,9,Focal,1.0,0.44537999385995697,0.3194081312358094,0.3472073944392196,0.23903974156397978,0.745758554873599,0.5880392165233425,28.779405350819847
trial_027,molecular_function,3.072078384147174e-05,1.5170354684755e-06,0.0,256,64,1.0,9,Focal,1.0,0.35955056179732403,0.30838134275216195,0.2924778402149136,0.23864609422854205,0.7968127469693076,0.7060878369345903,24.635616796341605
trial_028,biological_process,5.7099198475444227e-05,9.216769587809256e-06,0.4,512,16,5.0,10,Focal,2.0,0.26752083976489766,0.2765621905208095,0.22027669687117957,0.2118438699139506,0.8323635259953523,0.6691645696340205,41.36992204846428
trial_028,cellular_component,5.7099198475444227e-05,9.216769587809256e-06,0.4,512,16,5.0,10,Focal,2.0,0.44171031794322285,0.36239974589498763,0.3527000873851623,0.2811751150244318,0.7885031045380614,0.6363533624393335,28.87665534790026
trial_028,molecular_function,5.7099198475444227e-05,9.216769587809256e-06,0.4,512,16,5.0,10,Focal,2.0,0.39934994582831923,0.3578764356913006,0.334758887412578,0.2861010653581761,0.8496881863501109,0.7768285662819844,24.521882067258083
trial_029,biological_process,0.00010742762251701915,3.644636808320287e-05,0.0,128,32,1.0,9,BCE,,0.27620841180117617,0.25378248095245665,0.1884841219583027,0.18154959390455874,0.8017051055792026,0.6998434628772671,42.047363040821665
trial_029,cellular_component,0.00010742762251701915,3.644636808320287e-05,0.0,128,32,1.0,9,BCE,,0.4572948477977546,0.28270008565942073,0.40201469411148294,0.20880318261380132,0.7723709232164573,0.6092620351511987,28.30674555997111
trial_029,molecular_function,0.00010742762251701915,3.644636808320287e-05,0.0,128,32,1.0,9,BCE,,0.22790466732820708,0.27001403360208664,0.16561188166004034,0.1989871457621449,0.8174594415488128,0.7198180835490606,27.515869795299466
trial_030,biological_process,0.0006476003050484653,1.1781606908753708e-06,0.0,128,16,1.0,10,Focal,1.0,0.19045779408874292,0.24939986493884655,0.13410451144323526,0.15693757198130712,0.8464728729576382,0.6943865031932622,45.6024158736317
trial_030,cellular_component,0.0006476003050484653,1.1781606908753708e-06,0.0,128,16,1.0,10,Focal,1.0,0.469391289288616,0.3665575185708403,0.40187895344610247,0.26932940861060467,0.8169377609070413,0.6759370575004813,27.965740986804402
trial_030,molecular_function,0.0006476003050484653,1.1781606908753708e-06,0.0,128,16,1.0,10,Focal,1.0,0.28169014084459393,0.3336417748983687,0.2259755260745776,0.2559177723212626,0.8482375564201617,0.6812723369060536,25.696593784576308
trial_031,biological_process,6.754786500068957e-05,0.0049148744685445535,0.2,256,64,1.0,8,Focal,2.0,0.28258872651314215,0.26310311253494,0.2114740378219394,0.19338697089300855,0.8109049541183374,0.6735025853877429,41.405415635210076
trial_031,cellular_component,6.754786500068957e-05,0.0049148744685445535,0.2,256,64,1.0,8,Focal,2.0,0.4380218924409833,0.33507619275441897,0.36390674299978487,0.241583707740014,0.7699278929611023,0.6345734234294703,29.798327259442043
trial_031,molecular_function,6.754786500068957e-05,0.0049148744685445535,0.2,256,64,1.0,8,Focal,2.0,0.3562761967786749,0.31364303515206143,0.28562824879469917,0.24017079831020624,0.8203586126106515,0.6878195034697672,25.64017087990775
trial_032,biological_process,0.0024927698253494465,1.9372480269816345e-05,0.1,128,16,1.0,8,Focal,2.0,0.10282201732277757,0.26313631895498996,0.05337296964659867,0.16355622986697174,0.8478197667342848,0.7266200409378611,48.92168245219209
trial_032,cellular_component,0.0024927698253494465,1.9372480269816345e-05,0.1,128,16,1.0,8,Focal,2.0,0.3900205834334023,0.3318434806835758,0.26963054809229625,0.2156315740734001,0.816271535665034,0.6621565407685417,34.39674948475754
trial_032,molecular_function,0.0024927698253494465,1.9372480269816345e-05,0.1,128,16,1.0,8,Focal,2.0,0.11857728989462941,0.3288121088856286,0.0466836999411008,0.22644101422481658,0.8208983244854726,0.7880646548567037,29.989774718208718
trial_033,biological_process,0.0027705153087256443,4.5960195338023743e-07,0.2,128,64,0.5,9,Focal,3.0,0.18061069804326366,0.262803108390224,0.11124306275732877,0.1826765232345752,0.8576886154166163,0.7275840322681859,45.86968212754247
trial_033,cellular_component,0.0027705153087256443,4.5960195338023743e-07,0.2,128,64,0.5,9,Focal,3.0,0.45227931087006773,0.4194350341760455,0.3222751720765196,0.32093257005246884,0.8241371157692841,0.6502823175879506,32.048100093324315
trial_033,molecular_function,0.0027705153087256443,4.5960195338023743e-07,0.2,128,64,0.5,9,Focal,3.0,0.2760151697340426,0.3301542616645993,0.2096440175381728,0.24612530096937288,0.8979224218259476,0.778352785790201,27.152810161952004
trial_034,biological_process,0.0004128269539431168,0.000597538950912109,0.0,512,32,5.0,8,BCE,,0.3226261913162306,0.28127457769000186,0.24891744450102748,0.2217987326085067,0.7897394876782058,0.6656214867342228,39.338416541276395
trial_034,cellular_component,0.0004128269539431168,0.000597538950912109,0.0,512,32,5.0,8,BCE,,0.43902439024340917,0.34800393813240177,0.34927676821418385,0.27017357766057437,0.795135257629701,0.6576342216179154,28.62741588547184
trial_034,molecular_function,0.0004128269539431168,0.000597538950912109,0.0,512,32,5.0,8,BCE,,0.37995924727266694,0.34259409170548116,0.2846236967665833,0.2756100142286373,0.7803332345681964,0.7496946394376842,25.122417595278577
trial_035,biological_process,0.0003493547910080384,0.0006220349210377709,0.0,256,32,5.0,9,BCE,,0.274890336301512,0.2881954934641131,0.21415711683782176,0.21381430039663038,0.8048434859961502,0.6878724438630731,41.63521014126974
trial_035,cellular_component,0.0003493547910080384,0.0006220349210377709,0.0,256,32,5.0,9,BCE,,0.45711113167341677,0.3505262540402956,0.39347289085388787,0.27923190162928035,0.7614063760088517,0.6850023093273139,28.559982610280667
trial_035,molecular_function,0.0003493547910080384,0.0006220349210377709,0.0,256,32,5.0,9,BCE,,0.3654390934839599,0.3378138698849183,0.28054089244442215,0.2654390473144382,0.777980596924631,0.7420061868099725,24.766061753293684
trial_036,biological_process,0.0017191305740823345,3.436940900365306e-05,0.4,128,64,1.0,10,Focal,2.0,0.13953808083544703,0.2574605953115496,0.08005910888925497,0.18114124375511137,0.8614739263215132,0.7231743614583079,47.54524746744465
trial_036,cellular_component,0.0017191305740823345,3.436940900365306e-05,0.4,128,64,1.0,10,Focal,2.0,0.4570804129921992,0.3544917923993436,0.41708553396540154,0.2860236299584058,0.8432352485765114,0.6791594895417753,30.221490755775868
trial_036,molecular_function,0.0017191305740823345,3.436940900365306e-05,0.4,128,64,1.0,10,Focal,2.0,0.2971453287192234,0.33205004209859373,0.2519463149606411,0.26846872745966593,0.8532192623619679,0.7023972487191122,26.369367738654272
trial_037,biological_process,0.0022125796473720662,7.05402203329558e-07,0.1,128,32,1.0,10,Focal,1.0,0.11045506053507592,0.24594935926069483,0.06255945911626913,0.15640060097034633,0.822396246519684,0.6874797160044733,48.22205764771983
trial_037,cellular_component,0.0022125796473720662,7.05402203329558e-07,0.1,128,32,1.0,10,Focal,1.0,0.4515790323878398,0.3708729134306793,0.36177074683815347,0.280927256714759,0.8140497477051267,0.6083432062993438,29.770332103404456
trial_037,molecular_function,0.0022125796473720662,7.05402203329558e-07,0.1,128,32,1.0,10,Focal,1.0,0.23798198198154188,0.30475072045927404,0.18425753246432536,0.22952659204550918,0.8754811487977969,0.7108136583854651,26.946322492940798
trial_038,biological_process,9.797689898677196e-05,3.416407231298862e-05,0.4,512,64,5.0,9,Focal,1.0,0.1990493166959014,0.2796876955249727,0.13642856536760972,0.19617856267353587,0.7169363963080257,0.6988265393593031,44.677506075521485
trial_038,cellular_component,9.797689898677196e-05,3.416407231298862e-05,0.4,512,64,5.0,9,Focal,1.0,0.4711509715989024,0.38003813003913256,0.3969509772353166,0.27881840044125655,0.7717278468131119,0.7034369626493953,27.76654445167851
trial_038,molecular_function,9.797689898677196e-05,3.416407231298862e-05,0.4,512,64,5.0,9,Focal,1.0,0.3227138643063418,0.33286364764250814,0.25406989337250013,0.2550496468520272,0.7567775320786607,0.7416451844290686,25.638459306108615
trial_039,biological_process,1.1367800287905772e-05,0.00011016580941565195,0.2,128,32,0.5,9,Focal,2.0,0.15947478364617274,0.21457960689462946,0.09490148454404801,0.13996428491369206,0.768034054233337,0.6723453184384601,45.85813645044698
trial_039,cellular_component,1.1367800287905772e-05,0.00011016580941565195,0.2,128,32,0.5,9,Focal,2.0,0.27982181158177716,0.2676599350824782,0.18308880260125274,0.1866190998790546,0.7332571634740188,0.5884577511314573,32.512787845163835
trial_039,molecular_function,1.1367800287905772e-05,0.00011016580941565195,0.2,128,32,0.5,9,Focal,2.0,0.18258804089591837,0.24509298751564645,0.11787364870980932,0.17505145520761345,0.8353067770483218,0.6785565202016354,28.102074517724688
