ontology,model,input,metric,seeds,mean,sd,median,q1,q3,minimum,maximum
biological_process,GAT,full,Macro_AUPRC,5,0.10008590615559827,0.007391193928015022,0.0975225583995419,0.09704752762784848,0.10428051043177788,0.09119436961629568,0.11038456470252742
biological_process,GAT,full,Macro_AUROC,5,0.6594621446564998,0.012087383493306661,0.6559482901111983,0.6537061624556949,0.6677713738743559,0.6446219363471171,0.6752629604941325
biological_process,GAT,full,Macro_Fmax,5,0.19307467892326993,0.01022010584995223,0.19070793214240322,0.1880730616692438,0.19281612508877513,0.18350843680229975,0.21026783891362774
biological_process,GAT,full,Micro_AUPRC,5,0.021213954999206683,0.003947965381256283,0.02091191780074255,0.01911905868147731,0.02182931703883264,0.016817953591584736,0.02739152788339618
biological_process,GAT,full,Micro_AUROC,5,0.683196055349722,0.014975371837932275,0.6851710585393842,0.6843772217284821,0.6881536946652157,0.6587154377262812,0.6995628640892474
biological_process,GAT,full,Micro_Fmax,5,0.053911480970100234,0.008836758597913687,0.05295206208563281,0.04981806234787588,0.05654238688328894,0.04318883651653973,0.06705605701716379
biological_process,GAT,full,Smin,5,101.0104761046053,0.061566409040868346,101.02152488746688,100.94720932452249,101.06891734884105,100.94571147470558,101.06901748749051
biological_process,GAT,seq_only,Macro_AUPRC,5,0.09745098691306942,0.011663999885284783,0.10354110719525966,0.08662722917133345,0.10488328904981066,0.08323557968698984,0.10896772946195343
biological_process,GAT,seq_only,Macro_AUROC,5,0.6563675077539532,0.022973868279131376,0.653072682471637,0.6497086577850164,0.6748837560339945,0.6231337769604234,0.6810386655186947
biological_process,GAT,seq_only,Macro_Fmax,5,0.18938372734098569,0.01808422003030282,0.1936660281214763,0.18263970776051652,0.1962572905415104,0.16281227518790475,0.21154333509352058
biological_process,GAT,seq_only,Micro_AUPRC,5,0.026484992510692695,0.0075480245049636425,0.025703523100003765,0.020126979533998626,0.029158837674853368,0.019505448059770617,0.037930174184837115
biological_process,GAT,seq_only,Micro_AUROC,5,0.7120448637288788,0.021854146757606635,0.7158693350010052,0.6990019412669847,0.7220710304937726,0.6831381964926743,0.740143815389957
biological_process,GAT,seq_only,Micro_Fmax,5,0.06636944719540612,0.01750224790341362,0.06768786588307292,0.052610166562413366,0.07507178424106754,0.04642656003719024,0.09005085925328654
biological_process,GAT,seq_only,Smin,5,100.78979374849993,0.62627029469551,101.05643799704605,100.9537066868118,101.11840760135301,99.67715505070015,101.14326140658865
biological_process,GAT,struct_only,Macro_AUPRC,5,0.03770589250839228,0.0017132414748155897,0.03794737859089188,0.0374204946596861,0.0388331903998387,0.03495701179405519,0.03937138709748951
biological_process,GAT,struct_only,Macro_AUROC,5,0.4978199443249112,0.0055729868347430675,0.4998315323748276,0.49281337565719663,0.5008188611989662,0.4912556975312117,0.504380254862354
biological_process,GAT,struct_only,Macro_Fmax,5,0.07306819823812713,0.0013824425316598561,0.07249106490696787,0.07245798593462911,0.07346929142960307,0.07166282852204649,0.07525982039738911
biological_process,GAT,struct_only,Micro_AUPRC,5,0.02984961846642139,0.007534242749275221,0.027709517393040416,0.026351244687440583,0.028773621181909168,0.023549195260386867,0.042864513809329916
biological_process,GAT,struct_only,Micro_AUROC,5,0.7272549849355233,0.014133270248988973,0.7321097533278306,0.7215891911270774,0.7366424919717832,0.7053823190672601,0.7405511691836654
biological_process,GAT,struct_only,Micro_Fmax,5,0.07891624647103469,0.019831522778150014,0.0781156760261872,0.06711105419848871,0.08173580582993416,0.05756702639603393,0.11005166990452947
biological_process,GAT,struct_only,Smin,5,101.0556904085435,0.0,101.0556904085435,101.0556904085435,101.0556904085435,101.0556904085435,101.0556904085435
biological_process,GCN,full,Macro_AUPRC,5,0.16173279445514266,0.007351347560284186,0.15989132232952277,0.15799305812396697,0.16556830174008147,0.15305164734459065,0.1721596427375514
biological_process,GCN,full,Macro_AUROC,5,0.7113511499414507,0.0024736726806863342,0.7112272987122362,0.7099831073148425,0.7130722527888397,0.7081059797637737,0.7143671111275612
biological_process,GCN,full,Macro_Fmax,5,0.2629709087022367,0.004498876502348625,0.263641471460648,0.258628544939299,0.26718931978935173,0.25802270268446137,0.26737250463742346
biological_process,GCN,full,Micro_AUPRC,5,0.049450644388587615,0.0032253580796277274,0.04794225674970029,0.04741600843902655,0.052060167773303294,0.046178983154049,0.053655805826858964
biological_process,GCN,full,Micro_AUROC,5,0.8034008764746489,0.004419779573661055,0.8054960299090406,0.7988029100944154,0.8061813493824235,0.7985272146036623,0.8079968783837029
biological_process,GCN,full,Micro_Fmax,5,0.10812493436224886,0.008643837866342414,0.10530678745322387,0.10243267952354643,0.11617224582954698,0.09851641936714779,0.11819653963777926
biological_process,GCN,full,Smin,5,99.68879973476008,0.2569349667688205,99.59607860368375,99.58386638827696,99.8621910962974,99.37375001306033,100.028112572482
biological_process,GCN,seq_only,Macro_AUPRC,5,0.1668862921160089,0.0015405921294324538,0.16657412797786733,0.1660787460335445,0.16818186391205692,0.16492084310107163,0.16867587955550403
biological_process,GCN,seq_only,Macro_AUROC,5,0.7170802708951325,0.0038190355152110463,0.7162840600818894,0.7139789200631215,0.7182124340678364,0.7138271157000315,0.7230988245627833
biological_process,GCN,seq_only,Macro_Fmax,5,0.26524371745805947,0.0033592665870459185,0.26572265312495036,0.2622844175010625,0.2665282418120799,0.26173147727043744,0.26995179758176713
biological_process,GCN,seq_only,Micro_AUPRC,5,0.04929961088907374,0.005449903793455488,0.050640373200525585,0.04538418397359113,0.053553564210829116,0.04205015101948983,0.05486978204093304
biological_process,GCN,seq_only,Micro_AUROC,5,0.7983531175802048,0.006113376473484799,0.8007527004565023,0.7921940295559374,0.8022403464588158,0.7915556675434505,0.8050228438863181
biological_process,GCN,seq_only,Micro_Fmax,5,0.10783904792163808,0.012814959192164528,0.11218388119113622,0.1021217390987753,0.11587543386281621,0.0884052268382191,0.12060895861724359
biological_process,GCN,seq_only,Smin,5,99.903571501122,0.2183235084735512,99.88497652583602,99.71504995339701,100.10545548898915,99.6674372335352,100.1449383038526
biological_process,GCN,struct_only,Macro_AUPRC,5,0.036428429365625924,0.000683389524089188,0.03658096283396052,0.03620154116885149,0.03681086537507825,0.03538006610029106,0.03716871134994829
biological_process,GCN,struct_only,Macro_AUROC,5,0.5634035549415272,0.006353531540022726,0.5659882566897003,0.5633217964463652,0.5670521192488813,0.552499980889896,0.5681556214327929
biological_process,GCN,struct_only,Macro_Fmax,5,0.0855729304127226,0.0013887213637644202,0.08609842224054305,0.0841578879076649,0.08667503702894311,0.08401777837255378,0.08691552651390812
biological_process,GCN,struct_only,Micro_AUPRC,5,0.036541585153918796,0.016003368975654186,0.03192293842265561,0.03038168298618577,0.04440591750482399,0.01679655993190553,0.05920082692402309
biological_process,GCN,struct_only,Micro_AUROC,5,0.7221734104573452,0.017365659457902007,0.7258500883459581,0.7216248057353504,0.7337851608222874,0.6930206884873561,0.7365863088957738
biological_process,GCN,struct_only,Micro_Fmax,5,0.08270915855020075,0.028763529440808473,0.08173970055299484,0.0724354159535765,0.10658846945861712,0.04066425259118589,0.11211795419462944
biological_process,GCN,struct_only,Smin,5,100.85836701251306,0.2818631778293101,101.0556904085435,100.67587968145581,101.0556904085435,100.44888415547898,101.0556904085435
biological_process,Hybrid,full,Macro_AUPRC,5,0.1488876815482671,0.009653222112697453,0.15000894649795246,0.14269173086500103,0.15013129797113156,0.13807123637265523,0.16353519603459515
biological_process,Hybrid,full,Macro_AUROC,5,0.617499046487955,0.016837050948045894,0.6171587034729045,0.6083266621640083,0.6291501495380482,0.5950796578917872,0.6377800593730263
biological_process,Hybrid,full,Macro_Fmax,5,0.2163583248286871,0.008404134920166485,0.21270474408875237,0.2107047716872293,0.22061670713816867,0.20872573616733364,0.2290396650619515
biological_process,Hybrid,full,Micro_AUPRC,5,0.11946478530117058,0.01973816872876813,0.13196306590594786,0.11207373062259166,0.1322140883297004,0.08789172041780838,0.13318132122980453
biological_process,Hybrid,full,Micro_AUROC,5,0.722738459821332,0.024406747170859378,0.7356488996050863,0.7076002670647441,0.7397455548988137,0.6871667276750617,0.7435308498629543
biological_process,Hybrid,full,Micro_Fmax,5,0.2034289215124559,0.026732774799557366,0.2005738880481419,0.19355576734784788,0.22801542128292668,0.1652652431844154,0.2297342876989476
biological_process,Hybrid,full,Smin,5,90.83812207718418,1.0968764944563274,90.79396094692706,90.13824294235533,91.07047929201144,89.65593169718667,92.53199550744039
biological_process,Hybrid,seq_only,Macro_AUPRC,5,0.17477862817774514,0.01991300656563129,0.1662546651775711,0.16223645087671926,0.17570284886473062,0.1608449580303852,0.20885421793931952
biological_process,Hybrid,seq_only,Macro_AUROC,5,0.6395025198362883,0.026387683207986238,0.6368695108623139,0.6204419654776714,0.6467452709168768,0.6131263530747096,0.680329498849869
biological_process,Hybrid,seq_only,Macro_Fmax,5,0.25229682611515514,0.018777734013274514,0.24820851201954894,0.23812045625750272,0.2564793960001337,0.23614216646442948,0.2825335998341607
biological_process,Hybrid,seq_only,Micro_AUPRC,5,0.13052949662493318,0.019987295534363098,0.1396278107286042,0.10914219080720247,0.14586770169197755,0.10878284287443062,0.14922693702245107
biological_process,Hybrid,seq_only,Micro_AUROC,5,0.747627384108347,0.01740840495924936,0.7540901538794939,0.7298137574120097,0.7606422479080734,0.7283245059686605,0.7652662553734971
biological_process,Hybrid,seq_only,Micro_Fmax,5,0.22177266260136727,0.013563592300968694,0.22719351051802736,0.2087075220421208,0.2300214534229053,0.206180295863268,0.23676053116051501
biological_process,Hybrid,seq_only,Smin,5,90.48579502423404,1.5088232205189747,90.27403710988041,89.2308971277275,91.07190299096612,89.08822032677104,92.76391756582514
biological_process,Hybrid,struct_only,Macro_AUPRC,5,0.12981069792925484,0.04388975430174531,0.11417702390369662,0.10843333202424225,0.1297945501784493,0.09211783297938103,0.204530750560505
biological_process,Hybrid,struct_only,Macro_AUROC,5,0.5670115542565085,0.015719074633344415,0.5663151094596801,0.5550294061481477,0.5717095383668593,0.551122419431459,0.5908812978763963
biological_process,Hybrid,struct_only,Macro_Fmax,5,0.08873075865489888,0.002986549290277844,0.08945303937241238,0.08683294146611809,0.09130212556599182,0.08457102252423133,0.09149466434574076
biological_process,Hybrid,struct_only,Micro_AUPRC,5,0.07033964913644129,0.038975306766301565,0.08473434766427072,0.04578823432514354,0.09946431101804921,0.014822093892917054,0.10688925878182594
biological_process,Hybrid,struct_only,Micro_AUROC,5,0.5914198491213409,0.05703060218311444,0.5733081630661513,0.5731670176866066,0.6463818023338161,0.5144638674014429,0.6497783951186878
biological_process,Hybrid,struct_only,Micro_Fmax,5,0.02573111450878564,0.006372221358522588,0.022952666752853536,0.021640164291310698,0.03153319282289237,0.01906298719345743,0.03346656148341417
biological_process,Hybrid,struct_only,Smin,5,3855.1972149525477,1754.0230851375795,4638.59910525121,2768.741845644562,5022.88533821909,1328.244834595669,5517.514951052209
biological_process,Hybrid_JK,full,Macro_AUPRC,5,0.16107305427373325,0.009534161751515497,0.15840079369272297,0.1579588872428294,0.1679638746562628,0.1483006144156694,0.1727411013611816
biological_process,Hybrid_JK,full,Macro_AUROC,5,0.6313987634446865,0.017874121365184004,0.6292768653084132,0.6143744815362263,0.6497142262081632,0.6138168026978496,0.6498114414727802
biological_process,Hybrid_JK,full,Macro_Fmax,5,0.22875269775766607,0.010265864804029063,0.22406401410233215,0.22209178251688053,0.23825844722494702,0.21820419939486496,0.24114504554930571
biological_process,Hybrid_JK,full,Micro_AUPRC,5,0.12776230484883014,0.022719343018915004,0.13613764778354837,0.1092554373820808,0.14199356182811962,0.09886945911604064,0.15255541813436127
biological_process,Hybrid_JK,full,Micro_AUROC,5,0.7153979994084414,0.0157280089535004,0.7153925957364143,0.7040940643308087,0.7261185691872516,0.6963714348450529,0.7350133329426799
biological_process,Hybrid_JK,full,Micro_Fmax,5,0.21405846470121373,0.022670276995972582,0.21618454773476592,0.1913759872523204,0.23228430737882252,0.1907099307172509,0.2397375504229089
biological_process,Hybrid_JK,full,Smin,5,91.25247619730912,3.6921452499413427,89.50777821796653,88.80895977186299,91.97794831776417,88.56845376898323,97.39924090996867
biological_process,Hybrid_JK,seq_only,Macro_AUPRC,5,0.15789455910094607,0.012674598767043728,0.15672171748828911,0.1491264241241575,0.1613841596273853,0.14482088167217239,0.1774196125927261
biological_process,Hybrid_JK,seq_only,Macro_AUROC,5,0.6372085149663376,0.01793132816253937,0.633812915881766,0.6238714130587465,0.654744193474008,0.6169462692858916,0.6566677831312756
biological_process,Hybrid_JK,seq_only,Macro_Fmax,5,0.2348877032999901,0.018371524786802013,0.23005303685778872,0.21997172239700039,0.24522040368332773,0.21776690758421371,0.2614264459776199
biological_process,Hybrid_JK,seq_only,Micro_AUPRC,5,0.11509744168209365,0.015889909551129337,0.11186634600291294,0.10414987381408604,0.11702313410482731,0.10121278361552886,0.14123507087311318
biological_process,Hybrid_JK,seq_only,Micro_AUROC,5,0.7386480126848911,0.018583724173103226,0.7322025253214324,0.7262803568093242,0.7582538187213582,0.7182240227876814,0.7582793397846589
biological_process,Hybrid_JK,seq_only,Micro_Fmax,5,0.210189809140563,0.018228477874105628,0.20263643884750132,0.19978208415941795,0.2212653903136789,0.19107861055335673,0.23618652182886
biological_process,Hybrid_JK,seq_only,Smin,5,91.12465211493259,1.1775214437760086,91.38038768015534,91.12001840221603,91.51930276691807,89.20231383344773,92.40123789192577
biological_process,Hybrid_JK,struct_only,Macro_AUPRC,5,0.1619861867040795,0.049741480329150004,0.17871715815576147,0.13679451190886097,0.1922061825984318,0.08852726263392086,0.2136858182234223
biological_process,Hybrid_JK,struct_only,Macro_AUROC,5,0.5064413987769442,0.012454514134589416,0.5023612828664696,0.5010116618216311,0.5027348604903481,0.49766688691179856,0.5284323017944732
biological_process,Hybrid_JK,struct_only,Macro_Fmax,5,0.0741656671028755,0.005291432097569743,0.07101787147450271,0.07056599862719827,0.07851179738812711,0.06956294131450974,0.08116972671003972
biological_process,Hybrid_JK,struct_only,Micro_AUPRC,5,0.09114032272692325,0.041622130578376645,0.09597357508042642,0.09046677315577138,0.10206410937124112,0.025837396944883424,0.1413597590822939
biological_process,Hybrid_JK,struct_only,Micro_AUROC,5,0.5519634814697567,0.05143721213990342,0.5544791981172604,0.541284987683957,0.5689753283453828,0.47635526813688894,0.6187226250652944
biological_process,Hybrid_JK,struct_only,Micro_Fmax,5,0.022750476705343074,0.0055716878493349675,0.021277302969089907,0.02006787111855492,0.023313264647500446,0.017197255238952974,0.03189668955261713
biological_process,Hybrid_JK,struct_only,Smin,5,4670.60567171973,2042.5909377678324,4808.907186825549,3112.7217193303895,5140.879115006681,2540.3772209149897,7750.143116521037
biological_process,MLP,full,Macro_AUPRC,5,0.1685025906754174,0.0028044802375617127,0.1688361755034935,0.16679747520468213,0.16911893980452386,0.16515347348835935,0.1726068893760282
biological_process,MLP,full,Macro_AUROC,5,0.7209096468802336,0.004069341791181699,0.7198481351666235,0.7194734227578271,0.7220567926713558,0.716070386915869,0.7270994968894928
biological_process,MLP,full,Macro_Fmax,5,0.2575737384348491,0.0015636866508765205,0.25773548403937835,0.25663792715787986,0.25883213160265345,0.2554371460852304,0.2592260032891035
biological_process,MLP,full,Micro_AUPRC,5,0.06746286892379663,0.0050371582846849014,0.06685643889605848,0.06492282661015013,0.06882999208101251,0.061599017972891454,0.07510606905887057
biological_process,MLP,full,Micro_AUROC,5,0.8204731809135817,0.006267163301223587,0.8220191590464061,0.8166365219598672,0.8235823676949194,0.8120017531455713,0.8281261027211441
biological_process,MLP,full,Micro_Fmax,5,0.13544464308419207,0.0043931187792326494,0.13391966952500997,0.13299211733242994,0.13695799050045393,0.1310406166179771,0.1423128214450893
biological_process,MLP,full,Smin,5,99.04944698269242,0.44555549854415677,99.2066299252666,98.87222398716419,99.38212033105864,98.3553464582579,99.43091421171478
biological_process,MLP,seq_only,Macro_AUPRC,5,0.16834386896377468,0.006695589799842929,0.16662999873469295,0.16650220453990305,0.16767376589001456,0.16141186702098548,0.17950150863327735
biological_process,MLP,seq_only,Macro_AUROC,5,0.723111617394421,0.005370373275482045,0.7220435807755192,0.719773484341807,0.72379882937008,0.7180540080361567,0.7318881844485423
biological_process,MLP,seq_only,Macro_Fmax,5,0.25672668773949037,0.005299736671564541,0.25544923601031805,0.2552441511346962,0.2564594295451639,0.25103387291908996,0.2654467490881839
biological_process,MLP,seq_only,Micro_AUPRC,5,0.07571522289703567,0.015467461317135722,0.07115563257373142,0.06877970139246353,0.09132283547446018,0.055826078556935735,0.09149186648758742
biological_process,MLP,seq_only,Micro_AUROC,5,0.8254548901327645,0.012947545312565445,0.8234705655283666,0.8202045632273676,0.8347359380922238,0.8078362027422855,0.8410271810735792
biological_process,MLP,seq_only,Micro_Fmax,5,0.1474574949919692,0.023271198998407763,0.1418457282802802,0.1366719704899961,0.16885414381484312,0.1171364037700981,0.1727792286046284
biological_process,MLP,seq_only,Smin,5,97.9388076641834,1.8878945474545457,99.13065374931469,96.54752747536111,99.2239074614596,95.31515657127835,99.47679306350325
biological_process,MLP,struct_only,Macro_AUPRC,5,0.487259746004076,0.003228552435252464,0.48808796156931,0.48539628691157183,0.4881682876796492,0.48303927224625104,0.491606921613598
biological_process,MLP,struct_only,Macro_AUROC,5,0.49926969768280943,0.0029212360807145746,0.5001959758894495,0.49914328561594534,0.5006161314247274,0.4943791975996598,0.5020138978842649
biological_process,MLP,struct_only,Macro_Fmax,5,0.05211339730949349,0.0009352167432851656,0.05211550178712608,0.051836577365415734,0.052541328129774696,0.05076654842356313,0.0533070308415878
biological_process,MLP,struct_only,Micro_AUPRC,5,0.025685333069753298,0.004692219748877961,0.023425954076369705,0.02273507696406642,0.026814896208091105,0.022039443721895306,0.03341129437834395
biological_process,MLP,struct_only,Micro_AUROC,5,0.7085147011078038,0.01848432299335811,0.7095933728922889,0.6964616873262338,0.7169190658517144,0.6858590718041434,0.7337403076646387
biological_process,MLP,struct_only,Micro_Fmax,5,0.07854112799314938,0.013867798228418961,0.0786742456058028,0.06909761119519096,0.07981399598630387,0.0645856838118235,0.10053410336662577
biological_process,MLP,struct_only,Smin,5,101.03886423818534,0.03762446072183371,101.0556904085435,101.0556904085435,101.0556904085435,100.97155955675271,101.0556904085435
cellular_component,GAT,full,Macro_AUPRC,5,0.12719347872931097,0.01825378728611984,0.12145953326481938,0.1183304784861578,0.13967550286910765,0.10519302629453502,0.15130885273193506
cellular_component,GAT,full,Macro_AUROC,5,0.5022680782186312,0.0399717182917242,0.5216952661962966,0.4709505700119608,0.5350062289438966,0.4485795783274768,0.5351087476135253
cellular_component,GAT,full,Macro_Fmax,5,0.1985507124689844,0.019909223138856687,0.19627443798709587,0.18420343191734512,0.2135456878531107,0.1754034982025494,0.22332650638482082
cellular_component,GAT,full,Micro_AUPRC,5,0.06750005302742006,0.009771954846078002,0.06691376175759177,0.060715550535048186,0.07289004174462507,0.056149924324554276,0.08083098677528099
cellular_component,GAT,full,Micro_AUROC,5,0.6543425496827113,0.026268751468998645,0.6669348572099274,0.6431993358032863,0.6672468815634081,0.6139399464334152,0.68039172740352
cellular_component,GAT,full,Micro_Fmax,5,0.13518767046786084,0.009358714330949796,0.1362888561421642,0.13524143481975534,0.13711352800866985,0.12059598283336172,0.14669855053535305
cellular_component,GAT,full,Smin,5,29.70692342068532,0.26847494638459174,29.82093175208293,29.543264603077958,29.926645105255062,29.317098259503794,29.926677383506842
cellular_component,GAT,seq_only,Macro_AUPRC,5,0.1525786875685013,0.058782361421577806,0.13809493141227377,0.11727439589348404,0.14958488608856532,0.10493121948605043,0.25300800496213294
cellular_component,GAT,seq_only,Macro_AUROC,5,0.540881799445963,0.10185089814633619,0.561153596884316,0.45749948539247615,0.5616115253467985,0.4340037004380713,0.6901406891681534
cellular_component,GAT,seq_only,Macro_Fmax,5,0.2322749275041291,0.07356700957893023,0.22069799540868665,0.18407622563788717,0.22106888716496373,0.17680834331947737,0.35872318598963066
cellular_component,GAT,seq_only,Micro_AUPRC,5,0.09244937088945042,0.049077253685402805,0.07600636807533055,0.06560616168466192,0.08281146043147919,0.059120101622211596,0.17870276263356882
cellular_component,GAT,seq_only,Micro_AUROC,5,0.6887669810715742,0.07231945019980576,0.6679317351430845,0.6634267501411258,0.6972847744746139,0.6099675139792572,0.8052241316197892
cellular_component,GAT,seq_only,Micro_Fmax,5,0.17203023731554526,0.07456104652389389,0.13633853717375094,0.1327726043462154,0.16365523520211211,0.12458368944813729,0.30280112040751056
cellular_component,GAT,seq_only,Smin,5,29.456427223456007,0.6610709650718217,29.591268199759643,29.58163267940114,29.87423444516805,28.308212090077234,29.92678870287396
cellular_component,GAT,struct_only,Macro_AUPRC,5,0.09155712964703544,0.002401260513231321,0.09283882243462808,0.08929146139847086,0.09304293470811452,0.08866474877281065,0.09394768092115309
cellular_component,GAT,struct_only,Macro_AUROC,5,0.5028690616321809,0.011543722409996435,0.5044124743739266,0.49924076893310126,0.5087547297935056,0.485547587925897,0.5163897471344742
cellular_component,GAT,struct_only,Macro_Fmax,5,0.16652840795491683,0.002333925484243836,0.16627531554652814,0.16465568134881103,0.16784083397377805,0.1640921829080937,0.1697780259973733
cellular_component,GAT,struct_only,Micro_AUPRC,5,0.10492156293828306,0.06609569202454574,0.08488079510999366,0.05219421603032427,0.14847140756378016,0.04217013339942421,0.196891262587893
cellular_component,GAT,struct_only,Micro_AUROC,5,0.7003006099985385,0.060552040216954546,0.7295274706175451,0.6644347520623752,0.7349746138239439,0.6123562448660689,0.760209968622759
cellular_component,GAT,struct_only,Micro_Fmax,5,0.2243171279898722,0.09804079699116908,0.2214270789469664,0.13607623813405986,0.2836500312769804,0.12483149879751154,0.3556007927938427
cellular_component,GAT,struct_only,Smin,5,29.763933292047682,0.3638346750739521,29.926645105255062,29.926645105255062,29.926645105255062,29.113086039218157,29.926645105255062
cellular_component,GCN,full,Macro_AUPRC,5,0.15991735667863816,0.0075194414275928535,0.15978744993205155,0.15787416914538605,0.16166169223826457,0.14967128951604516,0.17059218256144343
cellular_component,GCN,full,Macro_AUROC,5,0.5871529296260737,0.014102055315827741,0.5848849573524716,0.5803039704205076,0.5895254531019152,0.5716168348043599,0.6094334324511139
cellular_component,GCN,full,Macro_Fmax,5,0.24549280572868365,0.011936188487867058,0.24244012445243548,0.23941120442083078,0.2474516066230303,0.23336423378483978,0.26479685936228187
cellular_component,GCN,full,Micro_AUPRC,5,0.09263749790044662,0.006466155483983961,0.08939329163930829,0.08862603745297273,0.09513123580121205,0.08717399718294357,0.10286292742579647
cellular_component,GCN,full,Micro_AUROC,5,0.7342625501668406,0.00853287372277052,0.7371351161536135,0.7262566886883401,0.7378281269874991,0.7249233646656212,0.7451694543391292
cellular_component,GCN,full,Micro_Fmax,5,0.1876111650237788,0.015601038576183895,0.18341932919984608,0.17900558114919138,0.19006117846217116,0.17250673851597206,0.2130629977917134
cellular_component,GCN,full,Smin,5,29.73279438150464,0.1309962157799837,29.761826503419524,29.67156362497278,29.822382996580192,29.539213006654474,29.868985775896224
cellular_component,GCN,seq_only,Macro_AUPRC,5,0.19923481758343747,0.03413764244750052,0.22026367812962772,0.16332768541971332,0.22405869617641475,0.16061460027276786,0.22790942791866375
cellular_component,GCN,seq_only,Macro_AUROC,5,0.6057113866697621,0.016830718979078528,0.6100162569611226,0.5961279853973778,0.6148296693242626,0.5822021153781535,0.6253809062878937
cellular_component,GCN,seq_only,Macro_Fmax,5,0.2850915939112807,0.03502473684873809,0.30717218956032283,0.24932463687448492,0.3109449452572025,0.24438377765893443,0.3136324202054589
cellular_component,GCN,seq_only,Micro_AUPRC,5,0.12026411714973673,0.02868750949792929,0.13617836129561622,0.0939868795836753,0.14323500455704163,0.084455973333834,0.14346436697851644
cellular_component,GCN,seq_only,Micro_AUROC,5,0.7576369951264952,0.025825349977968502,0.773013648049303,0.7379609315032631,0.7762919384842011,0.7222354949865042,0.7786829626092047
cellular_component,GCN,seq_only,Micro_Fmax,5,0.23718969676719684,0.04863355591272657,0.2614625275621851,0.1932253460858526,0.2736137598089759,0.1765158959583348,0.2811309544206357
cellular_component,GCN,seq_only,Smin,5,29.65551182466599,0.19718288064489717,29.748993593627883,29.542583363492852,29.79537622228188,29.363764191628082,29.82684175229926
cellular_component,GCN,struct_only,Macro_AUPRC,5,0.10272676946813028,0.0010716779576215745,0.10283376305446601,0.10207559400838553,0.10285057386990258,0.10151308824266547,0.10436082816523179
cellular_component,GCN,struct_only,Macro_AUROC,5,0.5130608097958775,0.011625716966063166,0.5103827581193621,0.5056185303228615,0.5143418937461753,0.5026925604289184,0.5322683063620705
cellular_component,GCN,struct_only,Macro_Fmax,5,0.16217954868348694,0.0017776359284232422,0.1622154311373575,0.16193915010137247,0.16357470001443214,0.15935649393223372,0.16381196823203892
cellular_component,GCN,struct_only,Micro_AUPRC,5,0.09915525515846729,0.06238529860719633,0.07586593399901898,0.06219510521746067,0.10713193636571769,0.04709508035672662,0.20348821985341253
cellular_component,GCN,struct_only,Micro_AUROC,5,0.7104747499544267,0.046852718205761555,0.7234705729916292,0.6942232692903825,0.738641822607897,0.6378358492236303,0.7582022356585946
cellular_component,GCN,struct_only,Micro_Fmax,5,0.19904390264573357,0.07274675344305345,0.17931749457633084,0.162829045368813,0.22726448942892885,0.11728234601762291,0.3085261378369723
cellular_component,GCN,struct_only,Smin,5,29.926645105255062,0.0,29.926645105255062,29.926645105255062,29.926645105255062,29.926645105255062,29.926645105255062
cellular_component,Hybrid,full,Macro_AUPRC,5,0.23832807525199545,0.01587615882984326,0.23373569211923917,0.23082870989168106,0.2464013077123726,0.21962950992540803,0.26104515661127636
cellular_component,Hybrid,full,Macro_AUROC,5,0.642869791615377,0.014684249343059381,0.6360731492964989,0.634097520825679,0.6506509487780593,0.628756856220445,0.6647704829562028
cellular_component,Hybrid,full,Macro_Fmax,5,0.31445665569700026,0.01706966386632006,0.3209502081494575,0.2987039709023402,0.3289397898029692,0.29379231250728244,0.3298969971229522
cellular_component,Hybrid,full,Micro_AUPRC,5,0.27242209640629395,0.039022382597883126,0.29317201833134193,0.2505542992206885,0.2961755769842965,0.21440412026179725,0.30780446723334565
cellular_component,Hybrid,full,Micro_AUROC,5,0.7313323347584003,0.025347432347464633,0.7302745793075958,0.719415792583904,0.736090474842727,0.7010132878645526,0.7698675391932222
cellular_component,Hybrid,full,Micro_Fmax,5,0.3470287156846756,0.034036844099663364,0.35841132704386836,0.33118693905820223,0.3664839467038495,0.2961569909610508,0.382904374656407
cellular_component,Hybrid,full,Smin,5,25.2890384456476,1.7403174057018065,24.372849651550442,24.242768017106926,25.596904043955544,24.02861955436671,28.204050961258382
cellular_component,Hybrid,seq_only,Macro_AUPRC,5,0.24187284417341584,0.020241030179983174,0.24255586667740583,0.23114260122987884,0.24543136109115368,0.21782729030724948,0.2724071015613914
cellular_component,Hybrid,seq_only,Macro_AUROC,5,0.6544845789973786,0.025680277242071736,0.648584690358232,0.6378307295227787,0.6628869280986923,0.6287348504847612,0.6943856965224287
cellular_component,Hybrid,seq_only,Macro_Fmax,5,0.33028426923815324,0.021281869415506575,0.3365701610344993,0.32138875744853257,0.34171206497011136,0.29827486732504077,0.35347549541258216
cellular_component,Hybrid,seq_only,Micro_AUPRC,5,0.30859422519573754,0.0427014913867538,0.33605147040847366,0.2705342001347182,0.3385422421207408,0.2541600113564012,0.3436832019583536
cellular_component,Hybrid,seq_only,Micro_AUROC,5,0.7681358738423859,0.02517286107163021,0.7697761393617741,0.7482569440568311,0.7762342698502109,0.7414268254800408,0.8049851904630727
cellular_component,Hybrid,seq_only,Micro_Fmax,5,0.3601677887522891,0.03303644735910681,0.37546489667166316,0.3352278937095243,0.3780293135490131,0.3163292137288163,0.3957876261024287
cellular_component,Hybrid,seq_only,Smin,5,24.3380114139603,0.9764370442930935,23.993679474887035,23.562201324938673,25.27389780363421,23.381231939160543,25.47904652718104
cellular_component,Hybrid,struct_only,Macro_AUPRC,5,0.1971858316749429,0.024257002335723685,0.20111435329320335,0.18442314085473485,0.21377707596046563,0.16273006734330528,0.2238845209230055
cellular_component,Hybrid,struct_only,Macro_AUROC,5,0.5040237493403945,0.027520201674626925,0.5002894385918952,0.48131202779067983,0.5173035699463481,0.4771654853892107,0.5440482249838386
cellular_component,Hybrid,struct_only,Macro_Fmax,5,0.15649646463915812,0.007211682041802989,0.153452423613814,0.1518847356791554,0.15716558428150348,0.15125351946455878,0.16872606015675895
cellular_component,Hybrid,struct_only,Micro_AUPRC,5,0.0964160432699239,0.06255965556899833,0.05567273975617871,0.05477472882797269,0.1459211264941286,0.04477666183493531,0.18093495943640414
cellular_component,Hybrid,struct_only,Micro_AUROC,5,0.5146108777847839,0.10158712456193598,0.5287117482301463,0.4975647090335683,0.5962235233390241,0.3507070042435833,0.5998474040775971
cellular_component,Hybrid,struct_only,Micro_Fmax,5,0.08300689380456464,0.011823818573654448,0.08673969727372666,0.07598333083898633,0.09310908417977576,0.0659869498065113,0.09321540692382313
cellular_component,Hybrid,struct_only,Smin,5,824.8364314580447,171.83843426562774,815.3661139721853,670.3292425254128,901.3809953424211,663.0409789372515,1074.0648265129525
cellular_component,Hybrid_JK,full,Macro_AUPRC,5,0.25498163617812203,0.03276044755674854,0.25415054212653526,0.24624257068734207,0.27461425842472625,0.20647708381538682,0.2934237258366198
cellular_component,Hybrid_JK,full,Macro_AUROC,5,0.6630362725271761,0.04571474151858963,0.6793593398166551,0.6161912769040241,0.6963474705745335,0.6127288157334543,0.7105544596072132
cellular_component,Hybrid_JK,full,Macro_Fmax,5,0.33907703067567113,0.03766404055931185,0.34831786913170515,0.3326310032736418,0.3551506542960361,0.2790908343932656,0.3801947922837072
cellular_component,Hybrid_JK,full,Micro_AUPRC,5,0.26888720791665194,0.08682171272519214,0.29346690937322667,0.29115324895173345,0.29664505340215946,0.11867227200131657,0.3444985558548237
cellular_component,Hybrid_JK,full,Micro_AUROC,5,0.7590444077199091,0.07034588435146391,0.7891537091093963,0.7617628288240197,0.7934954215659156,0.6375696042163217,0.8132404748838924
cellular_component,Hybrid_JK,full,Micro_Fmax,5,0.3417003628517348,0.06606728209559568,0.36512474007488555,0.3506104859447754,0.3654663867315787,0.22793839497913174,0.39936180652830244
cellular_component,Hybrid_JK,full,Smin,5,26.009036776580814,2.1942138739068664,24.66369687972539,24.535274732858028,27.582193979410203,24.179931315469343,29.084086975441117
cellular_component,Hybrid_JK,seq_only,Macro_AUPRC,5,0.2505827267158374,0.02325237100094408,0.23688481231475622,0.2335248748131505,0.27299207578128115,0.23080726530622936,0.2787046053637698
cellular_component,Hybrid_JK,seq_only,Macro_AUROC,5,0.6348466701404398,0.016037248908531542,0.6399916989112209,0.6272080690399165,0.640706873745133,0.6119037123019239,0.6544229967040045
cellular_component,Hybrid_JK,seq_only,Macro_Fmax,5,0.3353440832463822,0.02363875274896337,0.3341367022455936,0.32007088684724033,0.3512933349684881,0.306063896588321,0.36515559558226796
cellular_component,Hybrid_JK,seq_only,Micro_AUPRC,5,0.3013155234388593,0.08749995384329783,0.3206159722967888,0.312145582995482,0.3446060939190603,0.1515435642483551,0.3776664037346106
cellular_component,Hybrid_JK,seq_only,Micro_AUROC,5,0.7590545673132628,0.05780584424337649,0.7709668951769513,0.7654226970105298,0.774972655423009,0.6633886027704219,0.8205219861854023
cellular_component,Hybrid_JK,seq_only,Micro_Fmax,5,0.3656721798499075,0.061013470582019294,0.37566171306951907,0.3580921695607165,0.3837531776714818,0.2711758843545893,0.4396779545932307
cellular_component,Hybrid_JK,seq_only,Smin,5,24.99398011290028,2.232910235419698,24.484076802997805,24.265807479147576,24.75745295402499,22.73043649522641,28.73212683310464
cellular_component,Hybrid_JK,struct_only,Macro_AUPRC,5,0.2464656728636041,0.079329393618619,0.29351252575487546,0.1728024139050773,0.3001914226853691,0.14841539687904598,0.3174066050936527
cellular_component,Hybrid_JK,struct_only,Macro_AUROC,5,0.5184258504776655,0.0052073029106355076,0.5198579249294638,0.5183254776919096,0.521195648334941,0.50965497522831,0.5230952262037036
cellular_component,Hybrid_JK,struct_only,Macro_Fmax,5,0.15276609597628266,0.006589166770944773,0.15200109261837444,0.14899114146547637,0.15694821994670402,0.14454028866488186,0.16134973718597662
cellular_component,Hybrid_JK,struct_only,Micro_AUPRC,5,0.09285552160670378,0.02945817511298438,0.07713041913482765,0.07117388160096859,0.11510696439436008,0.06769332033426483,0.13317302256909774
cellular_component,Hybrid_JK,struct_only,Micro_AUROC,5,0.5337850467246696,0.09174088697316315,0.5058848470181094,0.476546381643709,0.5304674506448507,0.46468279522995876,0.6913437590867201
cellular_component,Hybrid_JK,struct_only,Micro_Fmax,5,0.08883618848876781,0.029690390232709966,0.07686210231127867,0.07264089787802679,0.08103093738678331,0.07209309759715202,0.14155390727059833
cellular_component,Hybrid_JK,struct_only,Smin,5,531.0580121378423,277.9209113493761,587.1262647680152,502.51213030440584,719.5363640266113,72.23763261811564,773.8776689720638
cellular_component,MLP,full,Macro_AUPRC,5,0.15174143278244445,0.0035808005558030822,0.1525653644132176,0.15017909119414954,0.1534057930042275,0.14653662419598107,0.1560202911046465
cellular_component,MLP,full,Macro_AUROC,5,0.5757969403731478,0.004468926828042595,0.5758945316569686,0.5743533912697447,0.5766362578927747,0.5698470728825062,0.5822534481637445
cellular_component,MLP,full,Macro_Fmax,5,0.2311216487559408,0.004885330575871541,0.2311089683741637,0.2295762189855032,0.2325555973799208,0.2244378645393465,0.2379295945007698
cellular_component,MLP,full,Micro_AUPRC,5,0.08541231603752741,0.0016706619694092052,0.08592325951548031,0.08501810822195414,0.08612984838189197,0.08277199418718292,0.08721836988112773
cellular_component,MLP,full,Micro_AUROC,5,0.7207109704067531,0.0038131229972896436,0.7222737192597188,0.7196390054475349,0.7235298110754752,0.7145204296817782,0.7235918865692585
cellular_component,MLP,full,Micro_Fmax,5,0.17197919429180913,0.0026960624209772465,0.17282450166984994,0.16925527673401042,0.17315689976173096,0.16922254872373305,0.1754367445697214
cellular_component,MLP,full,Smin,5,29.65645049426663,0.1630075091914844,29.689569586085955,29.68187628936205,29.742822350787637,29.37592732729355,29.792056917803954
cellular_component,MLP,seq_only,Macro_AUPRC,5,0.15073225389355266,0.0047058950106716405,0.1525680739609051,0.14655118416868826,0.15341314977660211,0.1450650362635723,0.15606382529799562
cellular_component,MLP,seq_only,Macro_AUROC,5,0.5745543767971355,0.006825631700586431,0.5759531598099817,0.5743533912697447,0.5766445647701793,0.5635673199720272,0.5822534481637445
cellular_component,MLP,seq_only,Macro_Fmax,5,0.23011816214129172,0.005831840646230921,0.2311089683741637,0.2244378645393465,0.2325555973799208,0.22437698500699793,0.23811139540602966
cellular_component,MLP,seq_only,Micro_AUPRC,5,0.0854185570402344,0.0016869513685206514,0.08592133279148614,0.08501809367870558,0.08612983980015022,0.08276085146854692,0.08726266746228317
cellular_component,MLP,seq_only,Micro_AUROC,5,0.7195001481985889,0.005005935083482094,0.7222718272982956,0.7145204304800741,0.7235298142686591,0.7135963204167772,0.7235823485291386
cellular_component,MLP,seq_only,Micro_Fmax,5,0.17205494925282566,0.002765656168653751,0.17256107975638735,0.16925527673401042,0.17379909648027614,0.16922254872373305,0.1754367445697214
cellular_component,MLP,seq_only,Smin,5,29.661819789120567,0.16743067697183225,29.689569586085955,29.68187628936205,29.75985333418976,29.37592732729355,29.801872408671514
cellular_component,MLP,struct_only,Macro_AUPRC,5,0.5416949396500319,0.0,0.5416949396500319,0.5416949396500319,0.5416949396500319,0.5416949396500319,0.5416949396500319
cellular_component,MLP,struct_only,Macro_AUROC,5,0.5,0.0,0.5,0.5,0.5,0.5,0.5
cellular_component,MLP,struct_only,Macro_Fmax,5,0.1302369178389772,0.0,0.1302369178389772,0.1302369178389772,0.1302369178389772,0.1302369178389772,0.1302369178389772
cellular_component,MLP,struct_only,Micro_AUPRC,5,0.05051705942036318,0.004775777124370871,0.051228874043946604,0.04924693371674692,0.05341924179079498,0.04310241761592876,0.05558782993439859
cellular_component,MLP,struct_only,Micro_AUROC,5,0.635886719751244,0.024084680232647926,0.6411954508917435,0.6241263409773526,0.6435124229547871,0.6029349148170926,0.6676644691152441
cellular_component,MLP,struct_only,Micro_Fmax,5,0.11543435721344748,0.011841488224911687,0.11486764958124798,0.11096328291326386,0.12202286605075895,0.09891159897774113,0.13040638854422554
cellular_component,MLP,struct_only,Smin,5,29.926645105255062,0.0,29.926645105255062,29.926645105255062,29.926645105255062,29.926645105255062,29.926645105255062
molecular_function,GAT,full,Macro_AUPRC,5,0.07751183472258097,0.018294078633081714,0.07366195904188254,0.06780610456600951,0.07783987402085295,0.06022918893404414,0.10802204705011571
molecular_function,GAT,full,Macro_AUROC,5,0.6144290364175438,0.0062064772836236,0.6143843405941262,0.6092203265647359,0.6157530594014344,0.6087296647417922,0.6240577907856303
molecular_function,GAT,full,Macro_Fmax,5,0.15997339900820004,0.010348287356261395,0.1612293569719328,0.15033678452134455,0.16421998656241563,0.14964431178704263,0.17443655519826468
molecular_function,GAT,full,Micro_AUPRC,5,0.022436848338844666,0.004608085522264957,0.02199092936784708,0.02012896624381838,0.023014132161106954,0.01733193431009027,0.02971827961136066
molecular_function,GAT,full,Micro_AUROC,5,0.7583658649373919,0.009267429526271088,0.7571937054868554,0.7538840113937187,0.7668583607597927,0.7458576863908042,0.7680355606557884
molecular_function,GAT,full,Micro_Fmax,5,0.0707623579616287,0.022461238751356367,0.06532308328404904,0.06316007451221035,0.06985927624944374,0.04746417643495137,0.108005179327489
molecular_function,GAT,full,Smin,5,26.781278648912924,0.004678775189563524,26.784568586463323,26.77813065066505,26.784568586463323,26.7745568345096,26.784568586463323
molecular_function,GAT,seq_only,Macro_AUPRC,5,0.08592529409666394,0.031324968783189716,0.07558491448117595,0.07257298900966508,0.07863478371965126,0.06200447959960699,0.1408293036732204
molecular_function,GAT,seq_only,Macro_AUROC,5,0.6175422265188281,0.030347165543004366,0.6098561685493238,0.6062574033200747,0.6135281076442297,0.5889279263661216,0.6691415267143903
molecular_function,GAT,seq_only,Macro_Fmax,5,0.16872839750633978,0.026963135659753695,0.15836201218445797,0.15446481510646115,0.16286316898148387,0.1515896435025816,0.21636234775671426
molecular_function,GAT,seq_only,Micro_AUPRC,5,0.05479505532268643,0.08155100072730363,0.019497628546695588,0.018904619814472893,0.020830441905991835,0.014134726733344016,0.20060785961292782
molecular_function,GAT,seq_only,Micro_AUROC,5,0.7671740623623048,0.06087457226039261,0.7444818275056594,0.7386136609515244,0.7525841262240772,0.725557667715126,0.874633029415137
molecular_function,GAT,seq_only,Micro_Fmax,5,0.10169813705620936,0.09265803749938625,0.06107147172076697,0.058116619622751234,0.08523304772572382,0.03922183051816013,0.2648477156936446
molecular_function,GAT,seq_only,Smin,5,26.15058776390137,1.4107827690108494,26.779620023625625,26.777272419627558,26.784568586463323,23.62690920332703,26.784568586463323
molecular_function,GAT,struct_only,Macro_AUPRC,5,0.04168531534608054,0.0036024497362704003,0.042160971293765934,0.03861991742966568,0.04248184890738762,0.03810724640349511,0.047056592696088334
molecular_function,GAT,struct_only,Macro_AUROC,5,0.5056634891559705,0.014855841599099438,0.5091227562742212,0.49294866356071915,0.5147684741803896,0.488043597003823,0.5234339547606995
molecular_function,GAT,struct_only,Macro_Fmax,5,0.07588273318658964,0.0040812384642680555,0.07458451344755997,0.07289167421729428,0.07728955612435401,0.07233092617576538,0.08231699596797458
molecular_function,GAT,struct_only,Micro_AUPRC,5,0.052576176448502356,0.010692290960587988,0.052707276072237345,0.04914960483355085,0.062205969396656874,0.036510429989727734,0.062307601950338964
molecular_function,GAT,struct_only,Micro_AUROC,5,0.8051895128769097,0.004213555399056797,0.8058906057122689,0.8041491827976637,0.8060979204675661,0.7990544919602007,0.8107553634468485
molecular_function,GAT,struct_only,Micro_Fmax,5,0.15506723885393603,0.03587500031323011,0.1508008854889644,0.14457269436602763,0.18359627266952416,0.10284533457408415,0.19352100717107976
molecular_function,GAT,struct_only,Smin,5,26.78456858646332,0.0,26.784568586463323,26.784568586463323,26.784568586463323,26.784568586463323,26.784568586463323
molecular_function,GCN,full,Macro_AUPRC,5,0.2302284367404181,0.01324751474212495,0.23539904510392007,0.21809031224555878,0.2386314596109515,0.21440644229244368,0.24461492444921662
molecular_function,GCN,full,Macro_AUROC,5,0.77968396535761,0.003971171056460998,0.7807290922379297,0.7755853016561056,0.7824908176711692,0.775489865233613,0.7841247499892323
molecular_function,GCN,full,Macro_Fmax,5,0.3290750317149173,0.014197694752305201,0.33518951402200176,0.31628043874527634,0.34042886388961524,0.31148401905619455,0.3419923228614988
molecular_function,GCN,full,Micro_AUPRC,5,0.21782587284972904,0.02952681732379258,0.22584499703157196,0.19967160273550355,0.23309949589824436,0.17752758477738434,0.25298568380594116
molecular_function,GCN,full,Micro_AUROC,5,0.9080761023867758,0.008880971156134312,0.9125826765283722,0.9029089256294475,0.9144461757205169,0.8949354347328349,0.9155072993227081
molecular_function,GCN,full,Micro_Fmax,5,0.3014652430021102,0.03433156228999979,0.3153054083275624,0.2734435797307091,0.3266497461504974,0.25695689082428885,0.33497058997749324
molecular_function,GCN,full,Smin,5,23.489560134191898,1.0802053130518507,23.54365091631981,23.31857508178525,23.67615431247116,21.93847043223474,24.970949928148514
molecular_function,GCN,seq_only,Macro_AUPRC,5,0.205151187664589,0.021660679097142525,0.20410875054263675,0.18876577047929033,0.20847652470677908,0.18484670520627888,0.2395581873879601
molecular_function,GCN,seq_only,Macro_AUROC,5,0.7638400603517914,0.010411719553551847,0.7646861763080518,0.756427640786061,0.7648799825436564,0.753156990311489,0.7800495118096987
molecular_function,GCN,seq_only,Macro_Fmax,5,0.30727213422647165,0.01999974576790611,0.30543945091905533,0.2921340890453259,0.3068949711610464,0.29128007849886955,0.34061208150806116
molecular_function,GCN,seq_only,Micro_AUPRC,5,0.1592089652183766,0.031537252806647355,0.15350379027357014,0.14019114900545734,0.15412390426545092,0.13465384104532244,0.21357214150208217
molecular_function,GCN,seq_only,Micro_AUROC,5,0.8833042037715938,0.008771078295129927,0.882154201383118,0.8762170004499609,0.8847249987590319,0.8759670400035058,0.8974577782623526
molecular_function,GCN,seq_only,Micro_Fmax,5,0.2349082114763436,0.03781312582878492,0.22578947363772175,0.22389837232369267,0.22717440511449666,0.1985055475587972,0.2991732587470097
molecular_function,GCN,seq_only,Smin,5,25.176969916730776,0.584088900112889,25.310706218288,25.16458895230899,25.598574700550003,24.19084055551451,25.620139156992387
molecular_function,GCN,struct_only,Macro_AUPRC,5,0.032071636698387855,0.0007382493669320024,0.032123794326722015,0.03140985949282144,0.0326884118039379,0.031243758657787713,0.03289235921067021
molecular_function,GCN,struct_only,Macro_AUROC,5,0.5314101268092729,0.007602627665935446,0.5293420995638388,0.527093294380787,0.531450336352027,0.5248829905147306,0.544281913234981
molecular_function,GCN,struct_only,Macro_Fmax,5,0.08232056135746516,0.0016676040956137212,0.08171864057168823,0.08151459951305684,0.08273123170238983,0.08064593669680963,0.08499239830338122
molecular_function,GCN,struct_only,Micro_AUPRC,5,0.037055199197623,0.021299062366903983,0.04045676299554783,0.016845015543008317,0.056780158362615754,0.013222361504914553,0.057971697582028525
molecular_function,GCN,struct_only,Micro_AUROC,5,0.7824305709932162,0.04563478637483415,0.8058962472379405,0.7400251761892822,0.819455511241628,0.7262345105524562,0.8205414097447743
molecular_function,GCN,struct_only,Micro_Fmax,5,0.10366559624145158,0.059349574829812825,0.11577837062265581,0.050694757793432244,0.15125034857550484,0.03378185569212174,0.16682264852354317
molecular_function,GCN,struct_only,Smin,5,26.78456858646332,0.0,26.784568586463323,26.784568586463323,26.784568586463323,26.784568586463323,26.784568586463323
molecular_function,Hybrid,full,Macro_AUPRC,5,0.28079548662442894,0.018989476627007673,0.27764473714144033,0.2707622219675868,0.29114068622803946,0.25750907798344774,0.30692070980163033
molecular_function,Hybrid,full,Macro_AUROC,5,0.70301254707261,0.019568793597998426,0.6960158985507833,0.6909700791897071,0.7151423566359604,0.6823137838848958,0.7306206171017031
molecular_function,Hybrid,full,Macro_Fmax,5,0.3513762345245478,0.017453059886020517,0.35010685362872945,0.34213548449622627,0.3539320177422613,0.3319732185044713,0.3787335982510509
molecular_function,Hybrid,full,Micro_AUPRC,5,0.3307725517913228,0.03820637290579848,0.3161747336622804,0.3160700737544051,0.3412416685169837,0.28957816471172865,0.3907981183112161
molecular_function,Hybrid,full,Micro_AUROC,5,0.801862128792588,0.03831167878503443,0.8181191760190752,0.7792347019400372,0.8258709998531082,0.7463370867799507,0.8397486793707686
molecular_function,Hybrid,full,Micro_Fmax,5,0.44699734774366345,0.041493800562728396,0.4525760466446671,0.41501340477990584,0.4549147034437644,0.4033297529080418,0.5091528309419383
molecular_function,Hybrid,full,Smin,5,17.898351061578328,0.8307101724657527,17.86323121893774,17.78892277153641,18.508725806487952,16.60100009571415,18.729875415215382
molecular_function,Hybrid,seq_only,Macro_AUPRC,5,0.2752068235595574,0.015568964416796284,0.28342812848798205,0.25890144069729987,0.28650584532930706,0.2577361958687459,0.28946250741445223
molecular_function,Hybrid,seq_only,Macro_AUROC,5,0.7215059629203477,0.02301351915109486,0.7292754553446382,0.7054891052389183,0.739252697305368,0.6899093239285149,0.743603232784299
molecular_function,Hybrid,seq_only,Macro_Fmax,5,0.3505965599304889,0.015195734542068113,0.3577880270198529,0.3396061882969132,0.36264445957930286,0.3295611032172659,0.3633830215391094
molecular_function,Hybrid,seq_only,Micro_AUPRC,5,0.32517678960657204,0.014192191497108849,0.31907187143892773,0.3166863541430413,0.3382301532066,0.30974999912742734,0.34214557011686375
molecular_function,Hybrid,seq_only,Micro_AUROC,5,0.8287272067108283,0.017160762804865597,0.8251868362651409,0.8202678046550854,0.8396760559254393,0.8071909153057566,0.8513144214027193
molecular_function,Hybrid,seq_only,Micro_Fmax,5,0.4465084166747458,0.03799336693349553,0.4349830179038311,0.432335463567301,0.4730650154316924,0.39742410298935027,0.4947344834815541
molecular_function,Hybrid,seq_only,Smin,5,18.401110202741037,1.04754479910134,17.90618214176698,17.564527611877313,19.147991044458678,17.52812488715926,19.85872532844295
molecular_function,Hybrid,struct_only,Macro_AUPRC,5,0.14749345301703368,0.045750798364791415,0.1752457449048393,0.1194948129054315,0.17908918178285338,0.08020119430023669,0.18343633119180752
molecular_function,Hybrid,struct_only,Macro_AUROC,5,0.5708680688501321,0.013301177968930909,0.5711774305934513,0.5667894353387718,0.5776800292219565,0.5514592623979051,0.5872341866985761
molecular_function,Hybrid,struct_only,Macro_Fmax,5,0.08646354696218975,0.004839125097205318,0.08525064151898237,0.08464669479155147,0.09066647699915449,0.0799379520901427,0.09181596941111764
molecular_function,Hybrid,struct_only,Micro_AUPRC,5,0.08369140311517151,0.06800201745013117,0.0763497901120399,0.01866957118115071,0.14127300639058185,0.017630070262493747,0.16453457762959137
molecular_function,Hybrid,struct_only,Micro_AUROC,5,0.5803184372932357,0.05651824273696178,0.5568392491453013,0.5539304078728967,0.6294973551398053,0.5131687213709344,0.6481564529372412
molecular_function,Hybrid,struct_only,Micro_Fmax,5,0.02620771618584835,0.007050438458711259,0.024980976580322774,0.02409638553595067,0.03001604851806964,0.0165317654186266,0.035413404876272085
molecular_function,Hybrid,struct_only,Smin,5,1580.523874467497,1088.29243848529,1487.9888957927935,868.8568793515897,2050.475255176578,343.0543784215615,3152.2439635949627
molecular_function,Hybrid_JK,full,Macro_AUPRC,5,0.28883494607173843,0.008834132192285344,0.28909208209249504,0.28030804634465456,0.29502100063231684,0.2799029539557549,0.29985064733347067
molecular_function,Hybrid_JK,full,Macro_AUROC,5,0.7289190478322615,0.009036753623886612,0.7288904344240489,0.7206817253600398,0.7363065829987183,0.7192628062906996,0.7394536900878008
molecular_function,Hybrid_JK,full,Macro_Fmax,5,0.3564105823658448,0.012724493910835188,0.3583673394832607,0.35154884039029877,0.36572226831834964,0.3371923146637082,0.36922214897360667
molecular_function,Hybrid_JK,full,Micro_AUPRC,5,0.34993261216354926,0.020544494528955553,0.3515256122311013,0.331001598675626,0.3622211511404963,0.32833653560710874,0.3765781631634141
molecular_function,Hybrid_JK,full,Micro_AUROC,5,0.8386852729303138,0.007096686453758808,0.8366616587141928,0.8365120911966961,0.8371886067118125,0.8321996319781118,0.8508643760507556
molecular_function,Hybrid_JK,full,Micro_Fmax,5,0.45768030413277677,0.02083854030758784,0.4628099173055482,0.4480899391497952,0.4671361501847751,0.4276436710703204,0.48272184295344517
molecular_function,Hybrid_JK,full,Smin,5,17.312268249668954,0.4308966666172778,17.246385536418057,17.060662080585523,17.68012817235248,16.768212799062983,17.805952659925737
molecular_function,Hybrid_JK,seq_only,Macro_AUPRC,5,0.27846457091035487,0.02407737941849562,0.28710444050682693,0.2592399510901045,0.29346379246797455,0.24762233027697428,0.30489234020989403
molecular_function,Hybrid_JK,seq_only,Macro_AUROC,5,0.7213278187201148,0.04100989742659948,0.7258097628761393,0.6916554683182566,0.7557069595099192,0.6687617472712529,0.7647051556250059
molecular_function,Hybrid_JK,seq_only,Macro_Fmax,5,0.352622915925834,0.02104645315220596,0.36125918027424003,0.3327458133441434,0.36778025297104333,0.3275918021068927,0.3737375309328506
molecular_function,Hybrid_JK,seq_only,Micro_AUPRC,5,0.34653835099066427,0.0442374440660643,0.3508698716295213,0.3275497603239088,0.36575053101661387,0.28480915678571955,0.40371243519755784
molecular_function,Hybrid_JK,seq_only,Micro_AUROC,5,0.8388774679587986,0.021368298734239916,0.8486305607860932,0.834387194938411,0.8531270101827185,0.803453059481354,0.854789514405416
molecular_function,Hybrid_JK,seq_only,Micro_Fmax,5,0.47188208222378253,0.03680080760753816,0.4838350055243937,0.4496591504515539,0.4875311720198255,0.42164727144511793,0.5167378116780215
molecular_function,Hybrid_JK,seq_only,Smin,5,17.817972906562904,1.252134106327568,17.767657763271952,16.82932102621818,18.223035803750733,16.565466152977763,19.704383786595887
molecular_function,Hybrid_JK,struct_only,Macro_AUPRC,5,0.2190219479093405,0.06608007879370797,0.25417818230431694,0.15339884588051966,0.2731142151075954,0.14118311014423243,0.273235386110038
molecular_function,Hybrid_JK,struct_only,Macro_AUROC,5,0.5338144347457074,0.005473081543136627,0.5325671798235293,0.5299101088817726,0.5375702127415029,0.5278813829684268,0.5411432893133059
molecular_function,Hybrid_JK,struct_only,Macro_Fmax,5,0.08010362980325543,0.007453158628164886,0.075972441441138,0.07447180500938681,0.08596797197090678,0.07394667762804873,0.09015925296679685
molecular_function,Hybrid_JK,struct_only,Micro_AUPRC,5,0.0985205103292206,0.07179537008281452,0.08716039822632825,0.05098532186949369,0.09083912774125295,0.042493614222773514,0.22112408958625457
molecular_function,Hybrid_JK,struct_only,Micro_AUROC,5,0.5034928750029553,0.0406984306579094,0.5233657275029608,0.4779991389760797,0.5252897352605717,0.44553177784995596,0.545277995425208
molecular_function,Hybrid_JK,struct_only,Micro_Fmax,5,0.015094426879940864,0.0032283398565985943,0.014717413590796738,0.012922426847800308,0.015454552267950918,0.01204739259167358,0.020330349101482775
molecular_function,Hybrid_JK,struct_only,Smin,5,2608.562444780261,1477.0515069553815,2374.4291683097745,1941.7112621887659,2557.402127668142,1113.428538427616,5055.841127307006
molecular_function,MLP,full,Macro_AUPRC,5,0.20416881285293903,0.0056529687482307816,0.2046850727714115,0.2046082435275671,0.2082698419267854,0.19464899563587618,0.20863191040305495
molecular_function,MLP,full,Macro_AUROC,5,0.7523223462368109,0.005580758523581442,0.7543543012299907,0.7496708384169819,0.7552543094103267,0.7440194600461437,0.7583128220806118
molecular_function,MLP,full,Macro_Fmax,5,0.2996295829659267,0.0074377547802375,0.30167725686408564,0.29875467567817215,0.3027861364180007,0.2875405333380693,0.3073893125313056
molecular_function,MLP,full,Micro_AUPRC,5,0.2002954378695457,0.01639138454229466,0.1961953603420211,0.18959900289986625,0.20963715554495901,0.18251258772391268,0.2235330828369696
molecular_function,MLP,full,Micro_AUROC,5,0.8988146402422247,0.007011787130973324,0.9011550423062087,0.8946661067325673,0.9028557436196075,0.8888905091697626,0.9065057993829772
molecular_function,MLP,full,Micro_Fmax,5,0.2787547560891661,0.028023955370804935,0.27897983606151444,0.2691198408252826,0.2870014077402473,0.24073711032742579,0.3179355854913603
molecular_function,MLP,full,Smin,5,24.44641687578067,0.27465184129248243,24.305226845416072,24.304035585226963,24.416663930158602,24.277843560988543,24.92831445711317
molecular_function,MLP,seq_only,Macro_AUPRC,5,0.21114946815606342,0.01269060440696068,0.2090559044838402,0.20530001060799957,0.21989154248235762,0.19448858415756864,0.22701129904855102
molecular_function,MLP,seq_only,Macro_AUROC,5,0.7549644612095832,0.00828628855060198,0.7555135263683229,0.7496934135422709,0.7624106357070434,0.7439222626828067,0.763282467747472
molecular_function,MLP,seq_only,Macro_Fmax,5,0.30675387425956213,0.013254941010743069,0.3074041951172174,0.30220854875574893,0.3146613409970066,0.2872674689095991,0.32222781751823854
molecular_function,MLP,seq_only,Micro_AUPRC,5,0.2098442678454612,0.021497329323428946,0.2100185277204683,0.19592214234282426,0.22475592261919927,0.18250746646575594,0.23601728007905828
molecular_function,MLP,seq_only,Micro_AUROC,5,0.901641008665506,0.009336646834639027,0.9065112073897778,0.8946698711359251,0.9079218093972394,0.888869499595686,0.9102326558089023
molecular_function,MLP,seq_only,Micro_Fmax,5,0.2998893876346374,0.03909708672497204,0.3183206858671578,0.27867506154396415,0.328854089464352,0.2412855063788807,0.3323115949188324
molecular_function,MLP,seq_only,Smin,5,24.64704170706749,0.5546462859667624,24.452173978191976,24.307054669514145,24.917257123868065,24.083325453023452,25.475397310739815
molecular_function,MLP,struct_only,Macro_AUPRC,5,0.5146223201031807,0.0,0.5146223201031807,0.5146223201031807,0.5146223201031807,0.5146223201031807,0.5146223201031807
molecular_function,MLP,struct_only,Macro_AUROC,5,0.5,0.0,0.5,0.5,0.5,0.5,0.5
molecular_function,MLP,struct_only,Macro_Fmax,5,0.052439738939328684,0.0,0.052439738939328684,0.052439738939328684,0.052439738939328684,0.052439738939328684,0.052439738939328684
molecular_function,MLP,struct_only,Micro_AUPRC,5,0.013435495796600277,0.001366262513608022,0.013252876662764874,0.01324527610661227,0.014022224510501322,0.011453712895949637,0.01520338880717328
molecular_function,MLP,struct_only,Micro_AUROC,5,0.6964816279027,0.009294695071471518,0.6929109026160403,0.6919093742170878,0.6966559901372733,0.6886310299664035,0.7123008425766948
molecular_function,MLP,struct_only,Micro_Fmax,5,0.03847505757904572,0.007178465788566529,0.037317723267660245,0.034972736285227526,0.04496704999361031,0.02893650224977171,0.046181276098958834
molecular_function,MLP,struct_only,Smin,5,26.78456858646332,0.0,26.784568586463323,26.784568586463323,26.784568586463323,26.784568586463323,26.784568586463323
