split_threshold,ontology,seed,test_micro_f1_at_validation_threshold,test_micro_fmax,test_macro_fmax,test_micro_aupr,test_macro_aupr,test_micro_auroc,test_macro_auroc,test_smin,validation_threshold,test_micro_fmax_diagnostic,test_micro_fmax_threshold_diagnostic,test_examples,test_classes,learning_rate,weight_decay,dropout,hidden_dim,batch_size,loss,checkpoint
30,molecular_function,1103,0.4947105212540872,0.5115212405311008,0.3608883315695565,0.3749085254948229,0.2987286037204698,0.8399020283107953,0.6991369850525326,16.640860852432024,0.6737324595451355,0.5115212405804775,0.8617907166481018,754,1052,0.0003377348785134,8.266805481657407e-06,0.4,512,16,BCE,/home/ganeshiny.sridharan/dgg/deep-green-GO/arc_tuning_cafa/five_seed_hybrid/molecular_function/seed_1103/best_checkpoint.pt
30,molecular_function,2207,0.4795841005090435,0.4911917097951316,0.3262131436527939,0.3442916942479347,0.2595166334556869,0.8589184372905443,0.6812092957199556,16.799736250337812,0.7474039793014526,0.4911917098440653,0.8508263230323792,754,1052,0.0003377348785134,8.266805481657407e-06,0.4,512,16,BCE,/home/ganeshiny.sridharan/dgg/deep-green-GO/arc_tuning_cafa/five_seed_hybrid/molecular_function/seed_2207/best_checkpoint.pt
30,molecular_function,3301,0.4341637010676156,0.4596564932175513,0.3268920601924449,0.3594352123910175,0.2565082857974523,0.8712111036459452,0.7095633933056269,16.691408076342114,0.4995316565036773,0.4596564932653029,0.945715606212616,754,1052,0.0003377348785134,8.266805481657407e-06,0.4,512,16,BCE,/home/ganeshiny.sridharan/dgg/deep-green-GO/arc_tuning_cafa/five_seed_hybrid/molecular_function/seed_3301/best_checkpoint.pt
30,molecular_function,4409,0.4243838685586257,0.4358735095404618,0.3214204111677874,0.3041091937536391,0.2557412389939409,0.8391024313315417,0.6547816770431846,19.404116093523264,0.5732699036598206,0.4358735095899613,0.7614131569862366,754,1052,0.0003377348785134,8.266805481657407e-06,0.4,512,16,BCE,/home/ganeshiny.sridharan/dgg/deep-green-GO/arc_tuning_cafa/five_seed_hybrid/molecular_function/seed_4409/best_checkpoint.pt
30,molecular_function,5501,0.4399457574583494,0.4574349855025793,0.3187299911565042,0.3156570018349008,0.2580743529524852,0.855591122417522,0.6923076800342869,18.957484051942835,0.7083045244216919,0.4574349855518473,0.8772765398025513,754,1052,0.0003377348785134,8.266805481657407e-06,0.4,512,16,BCE,/home/ganeshiny.sridharan/dgg/deep-green-GO/arc_tuning_cafa/five_seed_hybrid/molecular_function/seed_5501/best_checkpoint.pt
30,biological_process,1103,0.2199146882674824,0.2423152386683837,0.2253772382958608,0.1419947221801023,0.1551340062020784,0.7622054295904799,0.6092915574962904,89.68799539251307,0.7679049372673035,0.2423152387176191,0.6050571799278259,754,2193,5.462490060476474e-05,1.0333998491320168e-07,0.2,512,32,Focal,/home/ganeshiny.sridharan/dgg/deep-green-GO/arc_tuning_cafa/five_seed_hybrid/biological_process/seed_1103/best_checkpoint.pt
30,biological_process,2207,0.1866051695973863,0.2019999256034653,0.2178595917033847,0.116847325818991,0.1510632606305025,0.733106760447253,0.6147612604207942,90.55147752859736,0.7729377746582031,0.2019999256528229,0.5953265428543091,754,2193,5.462490060476474e-05,1.0333998491320168e-07,0.2,512,32,Focal,/home/ganeshiny.sridharan/dgg/deep-green-GO/arc_tuning_cafa/five_seed_hybrid/biological_process/seed_2207/best_checkpoint.pt
30,biological_process,3301,0.1996399469395489,0.2365391755906873,0.214480939822583,0.1415285917998142,0.1523011196355617,0.7470534476238281,0.6314065910260214,90.54678879068616,0.8221274018287659,0.2365391756400509,0.6264666318893433,754,2193,5.462490060476474e-05,1.0333998491320168e-07,0.2,512,32,Focal,/home/ganeshiny.sridharan/dgg/deep-green-GO/arc_tuning_cafa/five_seed_hybrid/biological_process/seed_3301/best_checkpoint.pt
30,biological_process,4409,0.2347815364379958,0.239837122447528,0.2090503632136467,0.1350270257299467,0.1447732262617096,0.738826390406674,0.590854567859712,89.66766912680852,0.5963726043701172,0.2398371224969558,0.4453011155128479,754,2193,5.462490060476474e-05,1.0333998491320168e-07,0.2,512,32,Focal,/home/ganeshiny.sridharan/dgg/deep-green-GO/arc_tuning_cafa/five_seed_hybrid/biological_process/seed_4409/best_checkpoint.pt
30,biological_process,5501,0.208657471483797,0.2158077472439553,0.2106355351523052,0.1408860857366859,0.1505487117082705,0.7432228271755099,0.590950829817382,89.7054937722949,0.8153229355812073,0.215807747293394,0.6219434142112732,754,2193,5.462490060476474e-05,1.0333998491320168e-07,0.2,512,32,Focal,/home/ganeshiny.sridharan/dgg/deep-green-GO/arc_tuning_cafa/five_seed_hybrid/biological_process/seed_5501/best_checkpoint.pt
30,cellular_component,1103,0.340274250888776,0.3415890015475669,0.2953581669372974,0.2234789134991648,0.206272654476099,0.8301862100204875,0.6541290403973217,28.60340892977917,0.5690880417823792,0.3415890015957238,0.5729861855506897,754,318,0.0027705153087256,4.596019533802375e-07,0.2,128,64,Focal,/home/ganeshiny.sridharan/dgg/deep-green-GO/arc_tuning_cafa/five_seed_hybrid/cellular_component/seed_1103/best_checkpoint.pt
30,cellular_component,2207,0.3363313346657783,0.3484267849456058,0.281152923624447,0.2635029546387716,0.2093655430053878,0.7961352239826418,0.6374354974829789,27.79167348889866,0.5983397960662842,0.3484267849934657,0.5464803576469421,754,318,0.0027705153087256,4.596019533802375e-07,0.2,128,64,Focal,/home/ganeshiny.sridharan/dgg/deep-green-GO/arc_tuning_cafa/five_seed_hybrid/cellular_component/seed_2207/best_checkpoint.pt
30,cellular_component,3301,0.3384041331802526,0.3402280906703248,0.2957501901835522,0.2192985235208035,0.1952888942380262,0.8042076454090861,0.6815778175259539,29.23994064562536,0.5176342129707336,0.3402280907154713,0.486788660287857,754,318,0.0027705153087256,4.596019533802375e-07,0.2,128,64,Focal,/home/ganeshiny.sridharan/dgg/deep-green-GO/arc_tuning_cafa/five_seed_hybrid/cellular_component/seed_3301/best_checkpoint.pt
30,cellular_component,4409,0.3027567462628616,0.3049715686297773,0.2424035005536791,0.2295847326757556,0.1607278513422521,0.7985006020516618,0.6254973163320884,28.44735570159755,0.5149612426757812,0.3049715686781074,0.5518092513084412,754,318,0.0027705153087256,4.596019533802375e-07,0.2,128,64,Focal,/home/ganeshiny.sridharan/dgg/deep-green-GO/arc_tuning_cafa/five_seed_hybrid/cellular_component/seed_4409/best_checkpoint.pt
30,cellular_component,5501,0.3238220181480267,0.3278405921535731,0.268692302786913,0.2654835920167842,0.1761080540194727,0.7918272908874364,0.639737835012628,28.07478838787734,0.5818897485733032,0.3278405922015134,0.5498586297035217,754,318,0.0027705153087256,4.596019533802375e-07,0.2,128,64,Focal,/home/ganeshiny.sridharan/dgg/deep-green-GO/arc_tuning_cafa/five_seed_hybrid/cellular_component/seed_5501/best_checkpoint.pt
40,molecular_function,1103,0.3923136732200377,0.4040257062695361,0.3463546070248997,0.2873618486122516,0.2676497202703672,0.6859853286714103,0.6789182916404793,18.78452074991661,0.5132066607475281,0.4040257063169697,0.6870423555374146,754,1052,0.000409393371325,0.0044598838290818,0.0,256,32,BCE,/home/ganeshiny.sridharan/dgg/deep-green-GO/arc_tuning_threshold_40/five_seed_hybrid/molecular_function/seed_1103/best_checkpoint.pt
40,molecular_function,2207,0.3307541524811719,0.3356712436524776,0.3356023305659745,0.2733578332224111,0.2527181483934573,0.7490513403766355,0.6864222105357318,19.37389582647264,0.6985572576522827,0.3356712437019599,0.6590459942817688,754,1052,0.000409393371325,0.0044598838290818,0.0,256,32,BCE,/home/ganeshiny.sridharan/dgg/deep-green-GO/arc_tuning_threshold_40/five_seed_hybrid/molecular_function/seed_2207/best_checkpoint.pt
40,molecular_function,3301,0.2964505771066562,0.3072332298395216,0.311159115897428,0.233468158581462,0.2490104799624819,0.714026551970298,0.6633637854240614,21.31014239151072,0.6072185635566711,0.3072332298873186,0.914705216884613,754,1052,0.000409393371325,0.0044598838290818,0.0,256,32,BCE,/home/ganeshiny.sridharan/dgg/deep-green-GO/arc_tuning_threshold_40/five_seed_hybrid/molecular_function/seed_3301/best_checkpoint.pt
40,molecular_function,4409,0.3424657534246574,0.3488047622979788,0.3553592122699231,0.2582442288115402,0.2766901184258252,0.7467956028544268,0.7322125757155348,20.80167554917812,0.5009278059005737,0.3488047623471915,0.4475266635417938,754,1052,0.000409393371325,0.0044598838290818,0.0,256,32,BCE,/home/ganeshiny.sridharan/dgg/deep-green-GO/arc_tuning_threshold_40/five_seed_hybrid/molecular_function/seed_4409/best_checkpoint.pt
40,molecular_function,5501,0.330800284967941,0.3320807890542475,0.2776508663557734,0.2134354306596906,0.2186163518406051,0.702329442529299,0.6071576325692002,21.280673138715446,0.4906913936138153,0.332080789102379,0.4591277837753296,754,1052,0.000409393371325,0.0044598838290818,0.0,256,32,BCE,/home/ganeshiny.sridharan/dgg/deep-green-GO/arc_tuning_threshold_40/five_seed_hybrid/molecular_function/seed_5501/best_checkpoint.pt
40,biological_process,1103,0.1546860782529572,0.2060016703952676,0.2279855547579322,0.117007140315185,0.1454576678019931,0.7872373872016075,0.6251805909138458,101.50740042852766,0.94816392660141,0.2060016704445564,0.5285422801971436,754,2193,0.0001529140641918,0.0014692529747935,0.4,128,16,BCE,/home/ganeshiny.sridharan/dgg/deep-green-GO/arc_tuning_threshold_40/five_seed_hybrid/biological_process/seed_1103/best_checkpoint.pt
40,biological_process,2207,0.2044486512068149,0.223941829775658,0.2652867279161749,0.1273238034478997,0.1830449310786742,0.7859883359582724,0.6415308296060418,99.55684667661778,0.834758460521698,0.2239418298250572,0.5385709404945374,754,2193,0.0001529140641918,0.0014692529747935,0.4,128,16,BCE,/home/ganeshiny.sridharan/dgg/deep-green-GO/arc_tuning_threshold_40/five_seed_hybrid/biological_process/seed_2207/best_checkpoint.pt
40,biological_process,3301,0.1658769995778017,0.2209182356992959,0.2442269611546754,0.1208698050275593,0.1603615123167117,0.7904873309307262,0.5993380024415945,101.80964418041604,0.8920093178749084,0.2209182357487907,0.5635850429534912,754,2193,0.0001529140641918,0.0014692529747935,0.4,128,16,BCE,/home/ganeshiny.sridharan/dgg/deep-green-GO/arc_tuning_threshold_40/five_seed_hybrid/biological_process/seed_3301/best_checkpoint.pt
40,biological_process,4409,0.0473463604699214,0.1600167264375114,0.2461460863718794,0.0771054205895254,0.1447482594550763,0.7575400648138474,0.7047666703755062,105.71092855283884,0.9693933725357056,0.1600167264865934,0.8608821630477905,754,2193,0.0001529140641918,0.0014692529747935,0.4,128,16,BCE,/home/ganeshiny.sridharan/dgg/deep-green-GO/arc_tuning_threshold_40/five_seed_hybrid/biological_process/seed_4409/best_checkpoint.pt
40,biological_process,5501,0.0992677824267782,0.1855266480934762,0.2480798176386967,0.0851404138273998,0.158942828600123,0.7371501488024721,0.6349868529213335,102.20025533141876,0.9765893816947936,0.1855266481429706,0.7397730350494385,754,2193,0.0001529140641918,0.0014692529747935,0.4,128,16,BCE,/home/ganeshiny.sridharan/dgg/deep-green-GO/arc_tuning_threshold_40/five_seed_hybrid/biological_process/seed_5501/best_checkpoint.pt
40,cellular_component,1103,0.3469241773962804,0.3589534764871442,0.2332669132815479,0.2454456797363308,0.1543347360864179,0.8493839377684517,0.5597587439975787,27.58412365247688,0.5046288371086121,0.3589534765341883,0.2276495397090912,754,318,0.0028231475116277,0.0002942360686643,0.4,512,64,BCE,/home/ganeshiny.sridharan/dgg/deep-green-GO/arc_tuning_threshold_40/five_seed_hybrid/cellular_component/seed_1103/best_checkpoint.pt
40,cellular_component,2207,0.3919018569417443,0.3933350826054712,0.2274864100582984,0.281362067539565,0.1504871592761509,0.8032236101437954,0.5477041173796805,26.98281802546001,0.5850222110748291,0.393335082654971,0.5391368865966797,754,318,0.0028231475116277,0.0002942360686643,0.4,512,64,BCE,/home/ganeshiny.sridharan/dgg/deep-green-GO/arc_tuning_threshold_40/five_seed_hybrid/cellular_component/seed_2207/best_checkpoint.pt
40,cellular_component,3301,0.3662314671387475,0.3723069232219838,0.2134830872278963,0.3008367840516213,0.1423210013170382,0.7947273108227287,0.4796528000107085,27.18917045735545,0.2801419198513031,0.3723069232687107,0.1575084924697876,754,318,0.0028231475116277,0.0002942360686643,0.4,512,64,BCE,/home/ganeshiny.sridharan/dgg/deep-green-GO/arc_tuning_threshold_40/five_seed_hybrid/cellular_component/seed_3301/best_checkpoint.pt
40,cellular_component,4409,0.3712731800013105,0.3811244072663742,0.2270921449289822,0.284998188476821,0.1517087916327079,0.8199278970030115,0.5672205669754831,27.32024047242689,0.6661809086799622,0.3811244073149306,0.3626095056533813,754,318,0.0028231475116277,0.0002942360686643,0.4,512,64,BCE,/home/ganeshiny.sridharan/dgg/deep-green-GO/arc_tuning_threshold_40/five_seed_hybrid/cellular_component/seed_4409/best_checkpoint.pt
40,cellular_component,5501,0.4242046869693196,0.4291814077823687,0.213417768571743,0.3039761501338167,0.1427153351467859,0.8045978119208952,0.5081001329756466,27.03492191261688,0.3387311100959778,0.429181407831636,0.5353227853775024,754,318,0.0028231475116277,0.0002942360686643,0.4,512,64,BCE,/home/ganeshiny.sridharan/dgg/deep-green-GO/arc_tuning_threshold_40/five_seed_hybrid/cellular_component/seed_5501/best_checkpoint.pt
50,molecular_function,1103,0.2655352480417754,0.267740788956658,0.41482139124738,0.1778490093568958,0.3247806053790905,0.7919327530464921,0.7319385545091822,27.444527188597856,0.811559796333313,0.2677407890055481,0.7410290241241455,754,1052,0.0003377348785134,8.266805481657407e-06,0.4,512,16,BCE,/home/ganeshiny.sridharan/dgg/deep-green-GO/arc_tuning_threshold_50/five_seed_hybrid/molecular_function/seed_1103/best_checkpoint.pt
50,molecular_function,2207,0.2405276452427729,0.2585115998296509,0.355539773011557,0.1670109513032271,0.2765858660910331,0.7834413138779059,0.698082582972573,27.70584064680125,0.6307724118232727,0.2585115998789835,0.1837018132209777,754,1052,0.0003377348785134,8.266805481657407e-06,0.4,512,16,BCE,/home/ganeshiny.sridharan/dgg/deep-green-GO/arc_tuning_threshold_50/five_seed_hybrid/molecular_function/seed_2207/best_checkpoint.pt
50,molecular_function,3301,0.2300456100342075,0.2490430621516983,0.3406175013344259,0.1504044740807422,0.2753192274110577,0.7637166616342863,0.7171170567379885,27.70855563973851,0.7585304379463196,0.2490430622004643,0.5505901575088501,754,1052,0.0003377348785134,8.266805481657407e-06,0.4,512,16,BCE,/home/ganeshiny.sridharan/dgg/deep-green-GO/arc_tuning_threshold_50/five_seed_hybrid/molecular_function/seed_3301/best_checkpoint.pt
50,molecular_function,4409,0.2090634441087613,0.2707823309771422,0.3617919304358405,0.164940274877778,0.2990071034911433,0.7949575713190542,0.7035579382626526,28.143071135868382,0.9219571948051452,0.2707823310266421,0.2971851229667663,754,1052,0.0003377348785134,8.266805481657407e-06,0.4,512,16,BCE,/home/ganeshiny.sridharan/dgg/deep-green-GO/arc_tuning_threshold_50/five_seed_hybrid/molecular_function/seed_4409/best_checkpoint.pt
50,molecular_function,5501,0.2616243025418475,0.2632675572498046,0.3110695613069701,0.1689019507768366,0.2527609625207178,0.8050593777487232,0.6857090321194665,27.6134425138446,0.6350492238998413,0.2632675572981997,0.6161009073257446,754,1052,0.0003377348785134,8.266805481657407e-06,0.4,512,16,BCE,/home/ganeshiny.sridharan/dgg/deep-green-GO/arc_tuning_threshold_50/five_seed_hybrid/molecular_function/seed_5501/best_checkpoint.pt
50,biological_process,1103,0.060659881139422,0.0715663383928268,0.17330445657615,0.0221087530912919,0.0988874705949112,0.711468570833014,0.6580387814387654,59.55295794871828,0.8633838295936584,0.0715663384422979,0.7482902407646179,754,2193,1.961154488169495e-05,0.0004610239017883,0.0,512,64,BCE,/home/ganeshiny.sridharan/dgg/deep-green-GO/arc_tuning_threshold_50/five_seed_hybrid/biological_process/seed_1103/best_checkpoint.pt
50,biological_process,2207,0.0879135628481309,0.0931620288134183,0.1851376739482348,0.032076705878303,0.1125388559054016,0.7385202326029913,0.6419391587587195,59.22838467265213,0.7992269992828369,0.0931620288614764,0.7356714010238647,754,2193,1.961154488169495e-05,0.0004610239017883,0.0,512,64,BCE,/home/ganeshiny.sridharan/dgg/deep-green-GO/arc_tuning_threshold_50/five_seed_hybrid/biological_process/seed_2207/best_checkpoint.pt
50,biological_process,3301,0.0342644832805834,0.053287772392447,0.1625896423502511,0.0138639055814695,0.0960233260946036,0.5806532271898153,0.5886292228395567,59.66431951445041,0.9280064702033995,0.0532877724413238,0.8665511012077332,754,2193,1.961154488169495e-05,0.0004610239017883,0.0,512,64,BCE,/home/ganeshiny.sridharan/dgg/deep-green-GO/arc_tuning_threshold_50/five_seed_hybrid/biological_process/seed_3301/best_checkpoint.pt
50,biological_process,4409,0.0780599799110345,0.1080290592956539,0.2164562332632252,0.0380915530140029,0.1260361078618612,0.7645689264182728,0.6932762539845236,59.37758536214085,0.8790398836135864,0.1080290593447255,0.6883059740066528,754,2193,1.961154488169495e-05,0.0004610239017883,0.0,512,64,BCE,/home/ganeshiny.sridharan/dgg/deep-green-GO/arc_tuning_threshold_50/five_seed_hybrid/biological_process/seed_4409/best_checkpoint.pt
50,biological_process,5501,0.0866212215107071,0.1033150659827329,0.1823582936066987,0.0426443124732372,0.1016807988203753,0.779957262250667,0.6401535297423546,59.462275616851294,0.8084478974342346,0.1033150660313123,0.4868934750556946,754,2193,1.961154488169495e-05,0.0004610239017883,0.0,512,64,BCE,/home/ganeshiny.sridharan/dgg/deep-green-GO/arc_tuning_threshold_50/five_seed_hybrid/biological_process/seed_5501/best_checkpoint.pt
50,cellular_component,1103,0.4761344043063207,0.48583367768478,0.3430233298285307,0.4510195207287397,0.2569931299319315,0.783754513806677,0.5945886321431514,35.194309904556846,0.25692880153656,0.4858336777329023,0.5510138869285583,754,318,2.0306852485333567e-05,2.8063391884062294e-06,0.0,512,16,BCE,/home/ganeshiny.sridharan/dgg/deep-green-GO/arc_tuning_threshold_50/five_seed_hybrid/cellular_component/seed_1103/best_checkpoint.pt
50,cellular_component,2207,0.4389052213158875,0.4396705442315365,0.3320618213579863,0.3801837301519811,0.2560550419385818,0.7735659402874167,0.5613599014880496,38.05774201233302,0.348327100276947,0.4396705442807292,0.3937287330627441,754,318,2.0306852485333567e-05,2.8063391884062294e-06,0.0,512,16,BCE,/home/ganeshiny.sridharan/dgg/deep-green-GO/arc_tuning_threshold_50/five_seed_hybrid/cellular_component/seed_2207/best_checkpoint.pt
50,cellular_component,3301,0.4656315496813379,0.4667053726452951,0.3400004850720874,0.423494763121766,0.2531369523262967,0.7663912700183132,0.5618349353237673,37.00888297487194,0.2879342138767242,0.4667053726938952,0.3852210640907287,754,318,2.0306852485333567e-05,2.8063391884062294e-06,0.0,512,16,BCE,/home/ganeshiny.sridharan/dgg/deep-green-GO/arc_tuning_threshold_50/five_seed_hybrid/cellular_component/seed_3301/best_checkpoint.pt
50,cellular_component,4409,0.4612611028053821,0.4683981627757255,0.3428409913809048,0.4070558567117278,0.2621479922081695,0.7880971488291635,0.5949926284752182,36.42933278318517,0.4720257818698883,0.4683981628251722,0.2910737693309784,754,318,2.0306852485333567e-05,2.8063391884062294e-06,0.0,512,16,BCE,/home/ganeshiny.sridharan/dgg/deep-green-GO/arc_tuning_threshold_50/five_seed_hybrid/cellular_component/seed_4409/best_checkpoint.pt
50,cellular_component,5501,0.4537257121297868,0.4622963570655578,0.3673903301553833,0.3926145524971203,0.2688003379217215,0.7873439629760651,0.6269979950236848,36.630938494828975,0.1439770460128784,0.4622963571145819,0.4029375314712524,754,318,2.0306852485333567e-05,2.8063391884062294e-06,0.0,512,16,BCE,/home/ganeshiny.sridharan/dgg/deep-green-GO/arc_tuning_threshold_50/five_seed_hybrid/cellular_component/seed_5501/best_checkpoint.pt
70,molecular_function,1103,0.5137431284357821,0.5189781776316874,0.4735781367992657,0.4634563674205568,0.4060462278007721,0.8857159315758433,0.7746489169001307,19.49305503616,0.4790296852588653,0.5189781776807537,0.5187941193580627,754,1052,9.797689898677196e-05,3.416407231298862e-05,0.4,512,64,Focal,/home/ganeshiny.sridharan/dgg/deep-green-GO/arc_tuning_threshold_70/five_seed_hybrid/molecular_function/seed_1103/best_checkpoint.pt
70,molecular_function,2207,0.4796282286825893,0.4866227219352969,0.4675447155362003,0.4302834577256222,0.4135709660481039,0.8738696537671411,0.7488710551476808,21.02996997153644,0.4969401359558105,0.4866227219847659,0.3974939882755279,754,1052,9.797689898677196e-05,3.416407231298862e-05,0.4,512,64,Focal,/home/ganeshiny.sridharan/dgg/deep-green-GO/arc_tuning_threshold_70/five_seed_hybrid/molecular_function/seed_2207/best_checkpoint.pt
70,molecular_function,3301,0.4492492492492491,0.4962245885269882,0.4708582350817154,0.4478211877682898,0.4106145256407774,0.8942223364957893,0.7576953460098643,21.15080019918654,0.6506596207618713,0.4962245885764606,0.4335985779762268,754,1052,9.797689898677196e-05,3.416407231298862e-05,0.4,512,64,Focal,/home/ganeshiny.sridharan/dgg/deep-green-GO/arc_tuning_threshold_70/five_seed_hybrid/molecular_function/seed_3301/best_checkpoint.pt
70,molecular_function,4409,0.5179921037789057,0.5378202520852957,0.4622036696132025,0.4842951961202546,0.3926866996784743,0.9030602045062156,0.8319485505778594,19.180549451446893,0.5314217209815979,0.537820252134517,0.3953196108341217,754,1052,9.797689898677196e-05,3.416407231298862e-05,0.4,512,64,Focal,/home/ganeshiny.sridharan/dgg/deep-green-GO/arc_tuning_threshold_70/five_seed_hybrid/molecular_function/seed_4409/best_checkpoint.pt
70,molecular_function,5501,0.4725554343874953,0.495575221189326,0.449942414448061,0.4239389816908022,0.3773331397541874,0.8744940615661478,0.7825237001581883,19.51075814722501,0.6893428564071655,0.4955752212384419,0.5679378509521484,754,1052,9.797689898677196e-05,3.416407231298862e-05,0.4,512,64,Focal,/home/ganeshiny.sridharan/dgg/deep-green-GO/arc_tuning_threshold_70/five_seed_hybrid/molecular_function/seed_5501/best_checkpoint.pt
70,biological_process,1103,0.0651966789165645,0.0801836313486088,0.1571424520556486,0.0269746970662638,0.0905472480204068,0.7750595503751061,0.4936112652278507,53.77760010712659,0.6780925393104553,0.0801836313721892,0.4507134258747101,754,2193,0.0017191305740823,3.436940900365306e-05,0.4,128,64,Focal,/home/ganeshiny.sridharan/dgg/deep-green-GO/arc_tuning_threshold_70/five_seed_hybrid/biological_process/seed_1103/best_checkpoint.pt
70,biological_process,2207,0.114324791825898,0.119106359606704,0.1799309764840199,0.0421152285293301,0.1102468705159487,0.8047388492203947,0.609245781861526,53.66941454298916,0.5736299753189087,0.1191063596486986,0.5289287567138672,754,2193,0.0017191305740823,3.436940900365306e-05,0.4,128,64,Focal,/home/ganeshiny.sridharan/dgg/deep-green-GO/arc_tuning_threshold_70/five_seed_hybrid/biological_process/seed_2207/best_checkpoint.pt
70,biological_process,3301,0.0928002307387244,0.0996445057070328,0.1542239687031127,0.0348825160466241,0.0915736443786641,0.7565660712449438,0.5234868212331564,53.47180087710208,0.6629627346992493,0.0996445057563858,0.7417213916778564,754,2193,0.0017191305740823,3.436940900365306e-05,0.4,128,64,Focal,/home/ganeshiny.sridharan/dgg/deep-green-GO/arc_tuning_threshold_70/five_seed_hybrid/biological_process/seed_3301/best_checkpoint.pt
70,biological_process,4409,0.0859937257796641,0.0896336941625073,0.1590476646666988,0.0305433177101297,0.0982274626837943,0.7683653304006919,0.5305915356110418,53.754074358473645,0.6474888920783997,0.0896336942010051,0.5921114683151245,754,2193,0.0017191305740823,3.436940900365306e-05,0.4,128,64,Focal,/home/ganeshiny.sridharan/dgg/deep-green-GO/arc_tuning_threshold_70/five_seed_hybrid/biological_process/seed_4409/best_checkpoint.pt
70,biological_process,5501,0.1322072776561359,0.1358136002928609,0.1757176833091213,0.0505707804252519,0.1110933358027151,0.7673524765315817,0.5621520109498168,53.55836715262274,0.622003972530365,0.1358136003411813,0.5878855586051941,754,2193,0.0017191305740823,3.436940900365306e-05,0.4,128,64,Focal,/home/ganeshiny.sridharan/dgg/deep-green-GO/arc_tuning_threshold_70/five_seed_hybrid/biological_process/seed_5501/best_checkpoint.pt
70,cellular_component,1103,0.4450129492767355,0.50114395529003,0.4484325626644899,0.4845195449111215,0.3747831950430565,0.8906788887743634,0.6699210458273707,39.800612050558136,0.2972767353057861,0.501143955339484,0.6565794944763184,754,318,0.0001529140641918,0.0014692529747935,0.4,128,16,BCE,/home/ganeshiny.sridharan/dgg/deep-green-GO/arc_tuning_threshold_70/five_seed_hybrid/cellular_component/seed_1103/best_checkpoint.pt
70,cellular_component,2207,0.5132827647198884,0.5686913201262901,0.4273411585886897,0.5775219474097606,0.3645774196369033,0.9329469249831854,0.7398670167330978,34.369872558942404,0.2463182955980301,0.5686913201757791,0.7714110016822815,754,318,0.0001529140641918,0.0014692529747935,0.4,128,16,BCE,/home/ganeshiny.sridharan/dgg/deep-green-GO/arc_tuning_threshold_70/five_seed_hybrid/cellular_component/seed_2207/best_checkpoint.pt
70,cellular_component,3301,0.3771838207368021,0.5168476746924253,0.3526996570431324,0.4889838674743587,0.2826635533194337,0.8931227712770902,0.6966496717973976,37.5993567411689,0.0881187468767166,0.5168476747419116,0.6175280809402466,754,318,0.0001529140641918,0.0014692529747935,0.4,128,16,BCE,/home/ganeshiny.sridharan/dgg/deep-green-GO/arc_tuning_threshold_70/five_seed_hybrid/cellular_component/seed_3301/best_checkpoint.pt
70,cellular_component,4409,0.5017680094293836,0.5295290416408527,0.4105115517396764,0.5187705990363188,0.3175604145350288,0.9163637537462171,0.6895495235644153,37.29637581946528,0.1919699758291244,0.5295290416901668,0.4963217675685882,754,318,0.0001529140641918,0.0014692529747935,0.4,128,16,BCE,/home/ganeshiny.sridharan/dgg/deep-green-GO/arc_tuning_threshold_70/five_seed_hybrid/cellular_component/seed_4409/best_checkpoint.pt
70,cellular_component,5501,0.4682665670619728,0.5135804692983317,0.3372815530994483,0.4618695257095832,0.2599428163318014,0.9202538383302312,0.6976891714522672,38.1226971654263,0.2966155409812927,0.5135804693477286,0.7013773322105408,754,318,0.0001529140641918,0.0014692529747935,0.4,128,16,BCE,/home/ganeshiny.sridharan/dgg/deep-green-GO/arc_tuning_threshold_70/five_seed_hybrid/cellular_component/seed_5501/best_checkpoint.pt
90,molecular_function,1103,0.4755605188557683,0.504090909041257,0.5020633699456557,0.4087461764497816,0.4499352552657334,0.9114326210566408,0.7748644217111542,20.451481821486286,0.3000843524932861,0.5040909090904125,0.6331498026847839,754,1052,4.533519348638012e-05,4.60584445727266e-05,0.4,256,64,BCE,/home/ganeshiny.sridharan/dgg/deep-green-GO/arc_tuning_threshold_90/five_seed_hybrid/molecular_function/seed_1103/best_checkpoint.pt
90,molecular_function,2207,0.4047873477238726,0.4424695092631457,0.4850162098175438,0.3775588901311943,0.4307736750555783,0.9192006270742848,0.7828248637401296,22.85786415262437,0.3734269738197326,0.4424695093121644,0.5905229449272156,754,1052,4.533519348638012e-05,4.60584445727266e-05,0.4,256,64,BCE,/home/ganeshiny.sridharan/dgg/deep-green-GO/arc_tuning_threshold_90/five_seed_hybrid/molecular_function/seed_2207/best_checkpoint.pt
90,molecular_function,3301,0.4483816013628619,0.4767834528837292,0.5027589099673615,0.3905855838598817,0.450631916840176,0.9130156227261904,0.7988122111700895,22.54363265336796,0.459996223449707,0.4767834529332274,0.6235894560813904,754,1052,4.533519348638012e-05,4.60584445727266e-05,0.4,256,64,BCE,/home/ganeshiny.sridharan/dgg/deep-green-GO/arc_tuning_threshold_90/five_seed_hybrid/molecular_function/seed_3301/best_checkpoint.pt
90,molecular_function,4409,0.4521912350597609,0.4558192736135559,0.4946534948279283,0.3840867210930517,0.4380087871580053,0.9187180497572812,0.7857234095024694,23.546965320919,0.4812089800834656,0.455819273662644,0.5147868394851685,754,1052,4.533519348638012e-05,4.60584445727266e-05,0.4,256,64,BCE,/home/ganeshiny.sridharan/dgg/deep-green-GO/arc_tuning_threshold_90/five_seed_hybrid/molecular_function/seed_4409/best_checkpoint.pt
90,molecular_function,5501,0.4597051813928854,0.4636612796026963,0.5009533116079898,0.3929656932351326,0.4417720103107807,0.9186818245175572,0.7692980036482743,22.84445305768543,0.3068121373653412,0.4636612796517116,0.3703562021255493,754,1052,4.533519348638012e-05,4.60584445727266e-05,0.4,256,64,BCE,/home/ganeshiny.sridharan/dgg/deep-green-GO/arc_tuning_threshold_90/five_seed_hybrid/molecular_function/seed_5501/best_checkpoint.pt
90,biological_process,1103,0.1505187709889228,0.1896975382605212,0.3434473372448019,0.0905855259773256,0.2706114011422157,0.7719533370739898,0.719310573463178,62.335218819275326,0.4320853054523468,0.1896975383098267,0.7749487161636353,754,2193,0.0003745026212348,0.0037383141844533,0.2,512,64,BCE,/home/ganeshiny.sridharan/dgg/deep-green-GO/arc_tuning_threshold_90/five_seed_hybrid/biological_process/seed_1103/best_checkpoint.pt
90,biological_process,2207,0.1699190328719077,0.1904336663018547,0.3249850508762163,0.0844412051463789,0.2470297220271872,0.7394879033389832,0.7094772391949098,62.56265399641196,0.5558379292488098,0.1904336663499081,0.8786741495132446,754,2193,0.0003745026212348,0.0037383141844533,0.2,512,64,BCE,/home/ganeshiny.sridharan/dgg/deep-green-GO/arc_tuning_threshold_90/five_seed_hybrid/biological_process/seed_2207/best_checkpoint.pt
90,biological_process,3301,0.1518142765743533,0.1588213781438683,0.2818050422133671,0.0775095641065981,0.2114190109380935,0.7389307299728148,0.7063491971186106,62.90439123931529,0.6235637068748474,0.1588213781929114,0.7628043293952942,754,2193,0.0003745026212348,0.0037383141844533,0.2,512,64,BCE,/home/ganeshiny.sridharan/dgg/deep-green-GO/arc_tuning_threshold_90/five_seed_hybrid/biological_process/seed_3301/best_checkpoint.pt
90,biological_process,4409,0.1475945401655851,0.1587242721591126,0.3307943075749714,0.0694164488662194,0.2556810228548138,0.7285797713523852,0.7158037190705717,62.36738892574056,0.7896841168403625,0.1587242722042538,0.9112100601196288,754,2193,0.0003745026212348,0.0037383141844533,0.2,512,64,BCE,/home/ganeshiny.sridharan/dgg/deep-green-GO/arc_tuning_threshold_90/five_seed_hybrid/biological_process/seed_4409/best_checkpoint.pt
90,biological_process,5501,0.1878690284487386,0.1932570740019142,0.3365869464374157,0.0974096153725255,0.2581192242803027,0.7223923663977255,0.7173568700237302,61.8383723557875,0.7865431904792786,0.1932570740512774,0.8674607872962952,754,2193,0.0003745026212348,0.0037383141844533,0.2,512,64,BCE,/home/ganeshiny.sridharan/dgg/deep-green-GO/arc_tuning_threshold_90/five_seed_hybrid/biological_process/seed_5501/best_checkpoint.pt
90,cellular_component,1103,0.4000449678199039,0.4119990041851498,0.4362516654529592,0.3567744005471281,0.3415693606079415,0.8851556799711744,0.6636382720229083,51.34004072226615,0.4827055037021637,0.4119990042315453,0.5143863558769226,754,318,0.0027705153087256,4.596019533802375e-07,0.2,128,64,Focal,/home/ganeshiny.sridharan/dgg/deep-green-GO/arc_tuning_threshold_90/five_seed_hybrid/cellular_component/seed_1103/best_checkpoint.pt
90,cellular_component,2207,0.4924699251537832,0.5212770113995101,0.4335560157040224,0.4908097396239711,0.3565330035341212,0.90155729844367,0.6889381317827739,44.91209554327355,0.4392750859260559,0.5212770114488393,0.5771030783653259,754,318,0.0027705153087256,4.596019533802375e-07,0.2,128,64,Focal,/home/ganeshiny.sridharan/dgg/deep-green-GO/arc_tuning_threshold_90/five_seed_hybrid/cellular_component/seed_2207/best_checkpoint.pt
90,cellular_component,3301,0.3979972795415738,0.4023999999507697,0.435980023284474,0.4117794360317075,0.3487106637293129,0.896638176457395,0.7001847757452896,48.90195711051712,0.5220082998275757,0.4023999999995077,0.5855364799499512,754,318,0.0027705153087256,4.596019533802375e-07,0.2,128,64,Focal,/home/ganeshiny.sridharan/dgg/deep-green-GO/arc_tuning_threshold_90/five_seed_hybrid/cellular_component/seed_3301/best_checkpoint.pt
90,cellular_component,4409,0.4825494229629371,0.4954592576734087,0.4229846033875834,0.4832672474349259,0.3337384988939779,0.8996669281593617,0.6671527602273215,46.19842454419258,0.5114759802818298,0.4954592577229087,0.5982928276062012,754,318,0.0027705153087256,4.596019533802375e-07,0.2,128,64,Focal,/home/ganeshiny.sridharan/dgg/deep-green-GO/arc_tuning_threshold_90/five_seed_hybrid/cellular_component/seed_4409/best_checkpoint.pt
90,cellular_component,5501,0.444493198771391,0.4486373165138136,0.413900097543157,0.363091387962508,0.3235967139220819,0.9020703754303144,0.6857283040269424,51.97741099250612,0.5068603754043579,0.4486373165613646,0.5294859409332275,754,318,0.0027705153087256,4.596019533802375e-07,0.2,128,64,Focal,/home/ganeshiny.sridharan/dgg/deep-green-GO/arc_tuning_threshold_90/five_seed_hybrid/cellular_component/seed_5501/best_checkpoint.pt
95,molecular_function,1103,0.4363682092555331,0.440649017884124,0.4722986134570657,0.371113275519297,0.4128226304362573,0.8771397559556317,0.7405349406146184,22.657152420067156,0.6703090071678162,0.4406490179328976,0.6234082579612732,754,1052,0.0001891707607596,4.10592490974411e-05,0.2,256,16,BCE,/home/ganeshiny.sridharan/dgg/deep-green-GO/arc_tuning_threshold_95/five_seed_hybrid/molecular_function/seed_1103/best_checkpoint.pt
95,molecular_function,2207,0.4913301806717593,0.4926829267799971,0.4760706305729206,0.4200572845567474,0.4302738909976633,0.8804360199089337,0.7287137788151978,21.380093573273005,0.7598977088928223,0.4926829268287755,0.7730686664581299,754,1052,0.0001891707607596,4.10592490974411e-05,0.2,256,16,BCE,/home/ganeshiny.sridharan/dgg/deep-green-GO/arc_tuning_threshold_95/five_seed_hybrid/molecular_function/seed_2207/best_checkpoint.pt
95,molecular_function,3301,0.4431690299347287,0.4445706496547758,0.4688552753105744,0.380717955385107,0.416638561271562,0.8801846594630081,0.7449914835041721,22.860628156517198,0.4137627482414245,0.4445706497041807,0.4304910004138946,754,1052,0.0001891707607596,4.10592490974411e-05,0.2,256,16,BCE,/home/ganeshiny.sridharan/dgg/deep-green-GO/arc_tuning_threshold_95/five_seed_hybrid/molecular_function/seed_3301/best_checkpoint.pt
95,molecular_function,4409,0.3948987582503634,0.4186222558180392,0.4832127993900265,0.3493538430863293,0.4255176943047715,0.8710875790911299,0.7847020391753454,23.045314828292646,0.4799428284168243,0.4186222558662803,0.6659884452819824,754,1052,0.0001891707607596,4.10592490974411e-05,0.2,256,16,BCE,/home/ganeshiny.sridharan/dgg/deep-green-GO/arc_tuning_threshold_95/five_seed_hybrid/molecular_function/seed_4409/best_checkpoint.pt
95,molecular_function,5501,0.3832670179589202,0.3959661527263808,0.5028229406726143,0.3242128498974866,0.445294413840499,0.8779862459226788,0.7619955901703768,23.582062375321165,0.6313312649726868,0.39596615277567,0.7218562960624695,754,1052,0.0001891707607596,4.10592490974411e-05,0.2,256,16,BCE,/home/ganeshiny.sridharan/dgg/deep-green-GO/arc_tuning_threshold_95/five_seed_hybrid/molecular_function/seed_5501/best_checkpoint.pt
95,biological_process,1103,0.1800021951487213,0.1809387125424191,0.301984776616984,0.093146359843299,0.1971115412299142,0.7791177072801894,0.7183098231557898,55.05653531631514,0.5319969058036804,0.1809387125918569,0.5100616812705994,754,2193,5.462490060476474e-05,1.0333998491320168e-07,0.2,512,32,Focal,/home/ganeshiny.sridharan/dgg/deep-green-GO/arc_tuning_threshold_95/five_seed_hybrid/biological_process/seed_1103/best_checkpoint.pt
95,biological_process,2207,0.1591647578969797,0.1613432075932014,0.2523500623483652,0.0690185760393389,0.1642757085245055,0.759762951797137,0.6717310389329639,56.26410607430677,0.5974884033203125,0.1613432076426684,0.6293909549713135,754,2193,5.462490060476474e-05,1.0333998491320168e-07,0.2,512,32,Focal,/home/ganeshiny.sridharan/dgg/deep-green-GO/arc_tuning_threshold_95/five_seed_hybrid/biological_process/seed_2207/best_checkpoint.pt
95,biological_process,3301,0.1545853926414058,0.1600206611072213,0.2754212472181449,0.0808195820227294,0.1792343670188722,0.7573044005161154,0.6728768246719686,55.58807637070095,0.439383327960968,0.1600206611565267,0.4958808422088623,754,2193,5.462490060476474e-05,1.0333998491320168e-07,0.2,512,32,Focal,/home/ganeshiny.sridharan/dgg/deep-green-GO/arc_tuning_threshold_95/five_seed_hybrid/biological_process/seed_3301/best_checkpoint.pt
95,biological_process,4409,0.1489768383179671,0.1559340811035128,0.2607408975636304,0.0744045309385818,0.1657592911830593,0.7682728246556247,0.6808223424530875,56.10691049942081,0.6139379143714905,0.1559340811517081,0.5104020833969116,754,2193,5.462490060476474e-05,1.0333998491320168e-07,0.2,512,32,Focal,/home/ganeshiny.sridharan/dgg/deep-green-GO/arc_tuning_threshold_95/five_seed_hybrid/biological_process/seed_4409/best_checkpoint.pt
95,biological_process,5501,0.163939975177705,0.1658294914551889,0.288567733841024,0.0952683817159513,0.1881467939172013,0.7932251617309183,0.6967876347308891,54.987552666308375,0.5339999794960022,0.1658294915016296,0.6666021943092346,754,2193,5.462490060476474e-05,1.0333998491320168e-07,0.2,512,32,Focal,/home/ganeshiny.sridharan/dgg/deep-green-GO/arc_tuning_threshold_95/five_seed_hybrid/biological_process/seed_5501/best_checkpoint.pt
95,cellular_component,1103,0.4242109942213661,0.431121433263663,0.3467502007434538,0.3327434809195135,0.2657656621284447,0.8769864285043525,0.6112088232413968,49.54548782330697,0.4871770441532135,0.4311214333107388,0.398422509431839,754,318,0.0024927698253494,1.9372480269816345e-05,0.1,128,16,Focal,/home/ganeshiny.sridharan/dgg/deep-green-GO/arc_tuning_threshold_95/five_seed_hybrid/cellular_component/seed_1103/best_checkpoint.pt
95,cellular_component,2207,0.4327915529718827,0.4434888645958807,0.3797629938067736,0.3274832717420042,0.2849089249149044,0.8883443761029826,0.7292034801207917,50.27775817499709,0.5104367136955261,0.4434888646423647,0.3474763929843902,754,318,0.0024927698253494,1.9372480269816345e-05,0.1,128,16,Focal,/home/ganeshiny.sridharan/dgg/deep-green-GO/arc_tuning_threshold_95/five_seed_hybrid/cellular_component/seed_2207/best_checkpoint.pt
95,cellular_component,3301,0.4125639386189258,0.423767416886907,0.3379105454461973,0.3417707286957266,0.2705073880228895,0.8562750914331378,0.6422399956929233,49.84766225742639,0.5276534557342529,0.4237674169341424,0.4069833159446716,754,318,0.0024927698253494,1.9372480269816345e-05,0.1,128,16,Focal,/home/ganeshiny.sridharan/dgg/deep-green-GO/arc_tuning_threshold_95/five_seed_hybrid/cellular_component/seed_3301/best_checkpoint.pt
95,cellular_component,4409,0.4254203825992239,0.429534172673606,0.3834214422404514,0.3086254628318934,0.2883456013733546,0.88672920847492,0.7434268811636484,50.84959026381453,0.4739842414855957,0.4295341727205228,0.4572928249835968,754,318,0.0024927698253494,1.9372480269816345e-05,0.1,128,16,Focal,/home/ganeshiny.sridharan/dgg/deep-green-GO/arc_tuning_threshold_95/five_seed_hybrid/cellular_component/seed_4409/best_checkpoint.pt
95,cellular_component,5501,0.4096538315228877,0.4230442609663563,0.3365031953655061,0.3225546092602263,0.2645912170768278,0.8680488400772478,0.6496765712760194,49.32465606679936,0.5888789892196655,0.4230442610138213,0.4655701816082001,754,318,0.0024927698253494,1.9372480269816345e-05,0.1,128,16,Focal,/home/ganeshiny.sridharan/dgg/deep-green-GO/arc_tuning_threshold_95/five_seed_hybrid/cellular_component/seed_5501/best_checkpoint.pt
