ontology,competitor,metric,deepgreengo_advantage_mean,ci_low,ci_high,probability_deepgreengo_better
molecular_function,naive,cafa_fmax,0.092397,0.024291,0.170863,0.998000
molecular_function,naive,cafa_smin,1.051710,0.261679,1.986487,0.997000
molecular_function,naive,micro_aupr,0.229294,0.089302,0.380869,1.000000
molecular_function,naive,macro_aupr,0.296321,0.239600,0.364284,1.000000
molecular_function,blast,cafa_fmax,0.117586,0.034859,0.209935,0.997000
molecular_function,blast,cafa_smin,0.294629,-0.104922,0.843798,0.906000
molecular_function,blast,micro_aupr,0.141536,0.084299,0.208185,1.000000
molecular_function,blast,macro_aupr,0.111602,0.074028,0.153134,1.000000
molecular_function,diamond,cafa_fmax,0.176421,0.077750,0.288545,1.000000
molecular_function,diamond,cafa_smin,0.461310,0.063431,1.017942,0.992000
molecular_function,diamond,micro_aupr,0.162870,0.106262,0.228237,1.000000
molecular_function,diamond,macro_aupr,0.162446,0.112647,0.214588,1.000000
molecular_function,foldseek,cafa_fmax,0.057947,-0.008300,0.136603,0.947000
molecular_function,foldseek,cafa_smin,0.253618,-0.191823,0.702210,0.863000
molecular_function,foldseek,micro_aupr,0.118196,0.047185,0.194053,0.999000
molecular_function,foldseek,macro_aupr,0.111451,0.071631,0.158577,1.000000
molecular_function,deepfri_sequence,cafa_fmax,0.176726,0.094169,0.264866,1.000000
molecular_function,deepfri_sequence,cafa_smin,1.251041,0.344845,2.327896,0.999000
molecular_function,deepfri_sequence,micro_aupr,0.283306,0.136382,0.440918,1.000000
molecular_function,deepfri_sequence,macro_aupr,0.132309,0.063918,0.212192,1.000000
molecular_function,deepfri_structure,cafa_fmax,0.015760,-0.063118,0.105950,0.622000
molecular_function,deepfri_structure,cafa_smin,-0.405321,-1.190075,0.272600,0.119000
molecular_function,deepfri_structure,micro_aupr,0.055230,-0.062315,0.156723,0.837000
molecular_function,deepfri_structure,macro_aupr,-0.071174,-0.159647,0.032366,0.088000
molecular_function,dpfunc,cafa_fmax,0.179061,0.100068,0.265951,1.000000
molecular_function,dpfunc,cafa_smin,1.435110,0.561886,2.432990,1.000000
molecular_function,dpfunc,micro_aupr,0.296541,0.163015,0.440857,1.000000
molecular_function,dpfunc,macro_aupr,0.284150,0.221413,0.359478,1.000000
molecular_function,heal,cafa_fmax,-0.013509,-0.104198,0.080631,0.384000
molecular_function,heal,cafa_smin,-0.753490,-2.082995,0.327369,0.100000
molecular_function,heal,micro_aupr,0.039047,-0.096907,0.164027,0.726000
molecular_function,heal,macro_aupr,-0.049650,-0.115805,0.010769,0.055000
molecular_function,blast_max,cafa_fmax,0.145280,0.057084,0.251512,1.000000
molecular_function,blast_max,cafa_smin,0.333710,-0.099403,0.894454,0.924000
molecular_function,blast_max,micro_aupr,0.160778,0.103311,0.221547,1.000000
molecular_function,blast_max,macro_aupr,0.107688,0.071874,0.151105,1.000000
molecular_function,diamond_max,cafa_fmax,0.175447,0.076656,0.288545,1.000000
molecular_function,diamond_max,cafa_smin,0.396480,-0.079470,1.001219,0.941000
molecular_function,diamond_max,micro_aupr,0.165308,0.097719,0.232371,1.000000
molecular_function,diamond_max,macro_aupr,0.161034,0.112017,0.213366,1.000000
molecular_function,foldseek_max,cafa_fmax,0.066313,-0.001795,0.144903,0.972000
molecular_function,foldseek_max,cafa_smin,0.277747,-0.108786,0.725354,0.908000
molecular_function,foldseek_max,micro_aupr,0.117836,0.039116,0.192997,1.000000
molecular_function,foldseek_max,macro_aupr,0.115179,0.076037,0.160570,1.000000
biological_process,naive,cafa_fmax,0.065680,0.023797,0.107717,0.997000
biological_process,naive,cafa_smin,2.265732,0.273079,5.280298,0.997000
biological_process,naive,micro_aupr,0.075073,-0.003983,0.187187,0.963000
biological_process,naive,macro_aupr,0.155721,0.102030,0.207300,1.000000
biological_process,blast,cafa_fmax,0.103897,0.047125,0.168741,1.000000
biological_process,blast,cafa_smin,1.229330,0.348244,2.859905,1.000000
biological_process,blast,micro_aupr,0.130393,0.073208,0.209018,1.000000
biological_process,blast,macro_aupr,0.058619,0.023520,0.093616,0.999000
biological_process,diamond,cafa_fmax,0.110815,0.053677,0.178634,1.000000
biological_process,diamond,cafa_smin,1.332343,0.443570,2.986181,1.000000
biological_process,diamond,micro_aupr,0.134581,0.076503,0.213730,1.000000
biological_process,diamond,macro_aupr,0.085616,0.061104,0.114037,1.000000
biological_process,foldseek,cafa_fmax,0.076336,0.026177,0.135969,1.000000
biological_process,foldseek,cafa_smin,2.176549,0.810709,4.392505,1.000000
biological_process,foldseek,micro_aupr,0.130688,0.071869,0.210218,1.000000
biological_process,foldseek,macro_aupr,0.074687,0.052078,0.100249,1.000000
biological_process,deepfri_sequence,cafa_fmax,0.081500,0.039984,0.132200,1.000000
biological_process,deepfri_sequence,cafa_smin,2.299121,-0.366743,5.764310,0.950000
biological_process,deepfri_sequence,micro_aupr,0.072102,-0.049283,0.214036,0.867000
biological_process,deepfri_sequence,macro_aupr,0.002243,-0.086694,0.112013,0.438000
biological_process,deepfri_structure,cafa_fmax,0.007849,-0.044925,0.075076,0.555000
biological_process,deepfri_structure,cafa_smin,1.418706,-1.221030,4.387060,0.869000
biological_process,deepfri_structure,micro_aupr,0.024238,-0.120037,0.179661,0.622000
biological_process,deepfri_structure,macro_aupr,-0.010893,-0.096139,0.098655,0.348000
biological_process,dpfunc,cafa_fmax,0.074476,0.026193,0.131762,1.000000
biological_process,dpfunc,cafa_smin,2.295891,0.121983,5.671566,0.984000
biological_process,dpfunc,micro_aupr,0.089008,0.001785,0.213657,0.978000
biological_process,dpfunc,macro_aupr,0.125554,0.068069,0.184262,1.000000
biological_process,heal,cafa_fmax,0.039519,-0.003800,0.099295,0.954000
biological_process,heal,cafa_smin,1.782552,-0.585484,4.653983,0.935000
biological_process,heal,micro_aupr,0.055843,-0.079974,0.193682,0.802000
biological_process,heal,macro_aupr,0.015127,-0.066582,0.116997,0.523000
biological_process,blast_max,cafa_fmax,0.107932,0.050187,0.176726,1.000000
biological_process,blast_max,cafa_smin,0.993058,0.267514,1.936078,0.999000
biological_process,blast_max,micro_aupr,0.129053,0.074908,0.202814,1.000000
biological_process,blast_max,macro_aupr,0.069438,0.047519,0.095904,1.000000
biological_process,diamond_max,cafa_fmax,0.109953,0.050885,0.178231,1.000000
biological_process,diamond_max,cafa_smin,0.664664,-0.161466,1.673696,0.926000
biological_process,diamond_max,micro_aupr,0.125193,0.069626,0.200032,1.000000
biological_process,diamond_max,macro_aupr,0.081477,0.057878,0.109178,1.000000
biological_process,foldseek_max,cafa_fmax,0.093631,0.045545,0.150481,1.000000
biological_process,foldseek_max,cafa_smin,0.934922,0.243729,1.847741,0.998000
biological_process,foldseek_max,micro_aupr,0.121715,0.066077,0.195951,1.000000
biological_process,foldseek_max,macro_aupr,0.072229,0.050393,0.098112,1.000000
cellular_component,naive,cafa_fmax,-0.004857,-0.036681,0.035662,0.361000
cellular_component,naive,cafa_smin,-0.109715,-0.534437,0.525236,0.291000
cellular_component,naive,micro_aupr,-0.026788,-0.088010,0.040851,0.194000
cellular_component,naive,macro_aupr,0.153629,0.078529,0.211435,1.000000
cellular_component,blast,cafa_fmax,0.253194,0.140594,0.341985,1.000000
cellular_component,blast,cafa_smin,-0.773992,-3.668836,0.899259,0.355000
cellular_component,blast,micro_aupr,0.227272,0.146797,0.293850,1.000000
cellular_component,blast,macro_aupr,0.060501,0.017429,0.114072,1.000000
cellular_component,diamond,cafa_fmax,0.294474,0.175671,0.386422,1.000000
cellular_component,diamond,cafa_smin,-0.678439,-3.606064,1.006057,0.360000
cellular_component,diamond,micro_aupr,0.238537,0.161880,0.304106,1.000000
cellular_component,diamond,macro_aupr,0.065900,0.021493,0.122992,1.000000
cellular_component,foldseek,cafa_fmax,0.212950,0.109018,0.310993,1.000000
cellular_component,foldseek,cafa_smin,-0.807905,-3.695232,0.901181,0.353000
cellular_component,foldseek,micro_aupr,0.220461,0.140327,0.288406,1.000000
cellular_component,foldseek,macro_aupr,0.060183,0.017498,0.116235,1.000000
cellular_component,deepfri_sequence,cafa_fmax,0.003404,-0.033035,0.051373,0.529000
cellular_component,deepfri_sequence,cafa_smin,-0.355372,-0.902030,0.437200,0.168000
cellular_component,deepfri_sequence,micro_aupr,-0.015929,-0.078274,0.058038,0.309000
cellular_component,deepfri_sequence,macro_aupr,0.058532,-0.030413,0.135360,0.920000
cellular_component,deepfri_structure,cafa_fmax,-0.020629,-0.069344,0.031045,0.208000
cellular_component,deepfri_structure,cafa_smin,-0.861632,-1.660248,0.040894,0.031000
cellular_component,deepfri_structure,micro_aupr,-0.082203,-0.148204,-0.000596,0.024000
cellular_component,deepfri_structure,macro_aupr,0.000704,-0.046724,0.060716,0.486000
cellular_component,dpfunc,cafa_fmax,0.053558,0.016740,0.096982,0.998000
cellular_component,dpfunc,cafa_smin,0.297531,-0.088991,1.008535,0.905000
cellular_component,dpfunc,micro_aupr,0.081672,0.027959,0.140223,0.999000
cellular_component,dpfunc,macro_aupr,0.142019,0.063172,0.204615,1.000000
cellular_component,heal,cafa_fmax,-0.019562,-0.071719,0.030818,0.233000
cellular_component,heal,cafa_smin,-0.970633,-1.943421,-0.123295,0.011000
cellular_component,heal,micro_aupr,-0.076911,-0.155996,0.014609,0.056000
cellular_component,heal,macro_aupr,-0.000786,-0.069262,0.073523,0.466000
cellular_component,blast_max,cafa_fmax,0.275829,0.159119,0.368600,1.000000
cellular_component,blast_max,cafa_smin,-0.698327,-3.615718,0.983722,0.359000
cellular_component,blast_max,micro_aupr,0.234283,0.156252,0.300191,1.000000
cellular_component,blast_max,macro_aupr,0.064941,0.020932,0.122428,1.000000
cellular_component,diamond_max,cafa_fmax,0.293362,0.169126,0.386422,1.000000
cellular_component,diamond_max,cafa_smin,-0.679407,-3.606273,1.006057,0.360000
cellular_component,diamond_max,micro_aupr,0.237105,0.160043,0.301558,1.000000
cellular_component,diamond_max,macro_aupr,0.065018,0.020706,0.122735,1.000000
cellular_component,foldseek_max,cafa_fmax,0.225283,0.120843,0.318151,1.000000
cellular_component,foldseek_max,cafa_smin,-0.760326,-3.633490,0.936963,0.358000
cellular_component,foldseek_max,micro_aupr,0.222580,0.137805,0.291057,1.000000
cellular_component,foldseek_max,macro_aupr,0.059127,0.017578,0.114318,0.999000
